"pcd","pcon","llsval","forgeval"
"6",AB107HH,S14000002,S14000002,S14000002
"7",AB107HS,S14000002,S14000002,S14000002
"8",AB124WU,S14000058,S14000058,S14000058
"10",AB155FG,S14000001,S14000001,S14000001
"13",AB165LN,S14000001,S14000001,S14000001
"17",AB219JW,S14000037,S14000037,S14000037
"18",AB228ZQ,S14000037,S14000037,S14000037
"19",AB238XE,S14000037,S14000037,S14000037
"21",AB338HZ,S14000058,S14000058,S14000058
"22",AB345LB,S14000058,S14000058,S14000058
"29",AB510DU,S14000037,S14000037,S14000037
"31",AB535TQ,S14000007,S14000007,S14000007
"33",AB561PL,S14000046,S14000046,S14000046
"34",AL1 1NH,E14000960,E14000960,E14000960
"36",AL109UF,E14001027,E14001027,E14001027
"37",AL7 2EN,E14001027,E14001027,E14001027
"38",AL7 3LT,E14001027,E14001027,E14001027
"39",AL9 7DG,E14001027,E14001027,E14001027
"40",AL9 7PP,E14001027,E14001027,E14001027
"42",B10 9NN,E14000563,E14000563,E14000563
"43",B14 5LG,E14000567,E14000567,E14000567
"46",B16 6HG,E14000564,E14000564,E14000564
"47",B17 0HP,E14000560,E14000560,E14000560
"48",B19 2SX,E14000566,E14000566,E14000566
"49",B2  2JT,E14000564,E14000564,error
"51",B20 3HT,E14000564,E14000564,E14000564
"53",B23 3FX,E14000561,E14000561,E14000561
"54",B25 8DY,E14000568,E14000568,E14000568
"56",B26 1RE,E14000568,E14000568,E14000568
"57",B28 0RA,E14000562,E14000562,E14000562
"58",B29 7JA,E14000567,E14000567,E14000567
"59",B30 2TS,E14000567,E14000567,E14000567
"60",B31 1DQ,E14000560,E14000560,E14000560
"61",B31 2BL,E14000565,E14000565,E14000565
"62",B37 6QD,E14000812,E14000812,E14000812
"63",B38 0AJ,E14000565,E14000565,E14000565
"65",B43 5JX,E14001029,E14001029,E14001029
"66",B43 6HD,E14001029,E14001029,E14001029
"69",B44 9HN,E14000566,E14000566,E14000566
"71",B45 8PJ,E14000605,E14000605,E14000605
"72",B45 8SJ,E14000565,E14000565,E14000565
"73",B47 5HH,E14000605,E14000605,E14000605
"74",B47 5LB,E14000605,E14000605,E14000605
"75",B47 6XA,E14000567,E14000567,E14000567
"77",B61 9EX,E14000818,E14000818,E14000818
"83",B70 7LL,E14001029,E14001029,E14001029
"84",B72 1LE,E14000985,E14000985,E14000985
"86",B74 3JG,E14000531,E14000531,E14000531
"87",B74 3QS,E14000531,E14000531,E14000531
"88",B76 1BW,E14000985,E14000985,E14000985
"89",B76 1NP,E14000985,E14000985,E14000985
"90",B77 1AE,E14000986,E14000986,E14000986
"91",B77 4DL,E14000986,E14000986,E14000986
"92",B77 5FD,E14000986,E14000986,E14000986
"95",B79 7TF,E14000986,E14000986,E14000986
"96",B8  3HA,E14000563,E14000563,E14000563
"99",B9  5AG,E14000564,E14000564,E14000564
"100",B90 1RY,E14000812,E14000812,E14000812
"101",B91 1BY,E14000931,E14000931,E14000931
"103",B92 9JY,E14000931,E14000931,E14000931
"104",B94 5AN,E14000977,E14000977,E14000977
"105",B94 5DE,E14000977,E14000977,E14000977
"106",B95 5QA,E14000977,E14000977,E14000977
"107",B95 6AY,E14000977,E14000977,E14000977
"108",B97 5YW,E14000892,E14000892,E14000892
"109",B97 6HT,E14000892,E14000892,E14000892
"110",B97 6LD,E14000892,E14000892,E14000892
"111",BA1 2YD,E14000547,E14000547,E14000547
"113",BA1 4ND,E14000547,E14000547,E14000547
"114",BA1 6AP,E14000547,E14000547,E14000547
"115",BA112PN,E14000932,E14000932,E14000932
"117",BA120PD,E14000954,E14000954,E14000954
"118",BA120SW,E14000954,E14000954,E14000954
"120",BA152RB,E14000635,E14000635,E14000635
"123",BA228RS,E14001060,E14001060,E14001060
"126",BA3 2RH,E14000846,E14000846,E14000846
"127",BA3 4EA,E14001026,E14001026,E14001026
"128",BA3 5JH,E14000932,E14000932,E14000932
"129",BA3 5JX,E14000932,E14000932,E14000932
"131",BA4 6LH,E14000932,E14000932,E14000932
"132",BA5 1TA,E14001026,E14001026,E14001026
"133",BA6 8PG,E14000932,E14000932,E14000932
"134",BA6 8QN,E14000932,E14000932,E14000932
"135",BA6 9JX,E14001026,E14001026,E14001026
"137",BA7 7BJ,E14000932,E14000932,E14000932
"138",BA7 7HY,E14000932,E14000932,E14000932
"140",BB1 4LQ,E14000758,E14000758,E14000758
"142",BB102NR,E14000609,E14000609,E14000609
"143",BB126HD,E14000609,E14000609,E14000609
"144",BB126NY,E14000609,E14000609,E14000609
"145",BB128DW,E14000609,E14000609,E14000609
"146",BB2 4PS,E14000570,E14000570,E14000570
"150",BB5 4LY,E14000758,E14000758,E14000758
"152",BB7 1NB,E14000894,E14000894,E14000894
"153",BB7 1NS,E14000894,E14000894,E14000894
"154",BB7 2AJ,E14000894,E14000894,E14000894
"155",BB7 9DF,E14000894,E14000894,E14000894
"156",BB8 0HL,E14000875,E14000875,E14000875
"157",BB8 0HR,E14000875,E14000875,E14000875
"158",BB8 0JY,E14000875,E14000875,E14000875
"160",BB9 7QH,E14000875,E14000875,E14000875
"163",BD109SG,E14000587,E14000587,E14000587
"164",BD133DA,E14000589,E14000589,E14000589
"165",BD150FA,E14000925,E14000925,E14000925
"166",BD150LP,E14000925,E14000925,E14000925
"168",BD161AB,E14000925,E14000925,E14000925
"170",BD196PL,E14000548,E14000548,E14000548
"172",BD208RL,E14000928,E14000928,E14000928
"173",BD220AE,E14000928,E14000928,E14000928
"174",BD220NZ,E14000928,E14000928,E14000928
"175",BD227LH,E14000766,E14000766,E14000766
"176",BD233JA,E14000928,E14000928,E14000928
"177",BD234NZ,E14000928,E14000928,E14000928
"178",BD249BH,E14000928,E14000928,E14000928
"180",BD5 8AY,E14000587,E14000587,E14000587
"181",BD6 2LD,E14000588,E14000588,E14000588
"182",BD7 2NB,E14000588,E14000588,E14000588
"183",BH1 3RY,E14000584,E14000584,E14000584
"186",BH105BT,E14000585,E14000585,E14000585
"187",BH119NU,E14000585,E14000585,E14000585
"188",BH122EZ,E14000881,E14000881,E14000881
"190",BH149HP,E14000881,E14000881,E14000881
"191",BH151QL,E14000881,E14000881,E14000881
"192",BH153FD,E14000881,E14000881,E14000881
"193",BH154EH,E14000881,E14000881,E14000881
"194",BH154LY,E14000881,E14000881,E14000881
"195",BH154NA,E14000881,E14000881,E14000881
"204",BH232RL,E14000638,E14000638,E14000638
"205",BH234UN,E14000638,E14000638,E14000638
"206",BH249BP,E14000828,E14000828,E14000828
"208",BH255BL,E14000828,E14000828,E14000828
"209",BH257DQ,E14000828,E14000828,E14000828
"210",BH316EU,E14000839,E14000839,E14000839
"211",BH4 8HE,E14000585,E14000585,E14000585
"212",BH7 6DS,E14000584,E14000584,E14000584
"214",BL1 3BN,E14000578,E14000578,E14000578
"215",BL1 5NU,E14000580,E14000580,E14000580
"216",BL2 6RH,E14000612,E14000612,E14000612
"217",BL3 3NQ,E14000579,E14000579,E14000579
"218",BL4 7BB,E14000579,E14000579,E14000579
"219",BL4 7EQ,E14000579,E14000579,E14000579
"220",BL4 7LW,E14000579,E14000579,E14000579
"221",BL6 5DE,E14000580,E14000580,E14000580
"222",BL8 4AJ,E14000611,E14000611,E14000611
"223",BL9 5PQ,E14000611,E14000611,E14000611
"225",BN107LS,E14000597,E14000597,E14000597
"226",BN115EG,E14001055,E14001055,E14001055
"228",BN132RU,E14001055,E14001055,E14001055
"229",BN140BW,E14000682,E14000682,E14000682
"230",BN149JJ,E14000682,E14000682,E14000682
"231",BN149LT,E14000682,E14000682,E14000682
"232",BN158AG,E14000682,E14000682,E14000682
"233",BN164NB,E14000534,E14000534,E14000534
"234",BN2 6QE,E14000597,E14000597,E14000597
"235",BN2 9NS,E14000598,E14000598,E14000598
"240",BN253BS,E14000786,E14000786,E14000786
"241",BN253JR,E14000786,E14000786,E14000786
"242",BN265HS,E14000786,E14000786,E14000786
"243",BN273ND,E14001023,E14001023,E14001023
"244",BN274NJ,E14000557,E14000557,E14000557
"249",BN7 2JL,E14000786,E14000786,E14000786
"251",BN9 0NA,E14000786,E14000786,E14000786
"253",BN996FU,E14000682,E14000682,E14000682
"254",BR1 4QN,E14000787,E14000787,E14000787
"255",BR2 0DD,E14000604,E14000604,E14000604
"256",BR2 9LG,E14000604,E14000604,E14000604
"257",BR3 1NJ,E14000551,E14000551,E14000551
"259",BR3 3HX,E14000551,E14000551,E14000551
"260",BR3 5BU,E14000551,E14000551,E14000551
"262",BR4 9PT,E14000551,E14000551,E14000551
"263",BR5 2RE,E14000604,E14000604,E14000604
"264",BR5 3NR,E14000872,E14000872,E14000872
"265",BR6 0SE,E14000872,E14000872,E14000872
"266",BR7 5JY,E14000604,E14000604,E14000604
"267",BS1 4RH,E14000602,E14000602,E14000602
"268",BS1 5PJ,E14000602,E14000602,E14000602
"269",BS1 6QP,E14000602,E14000602,E14000602
"270",BS110UA,E14000600,E14000600,E14000600
"272",BS151DE,E14000599,E14000599,E14000599
"275",BS158FL,E14000599,E14000599,E14000599
"281",BS2 8DQ,E14000602,E14000602,E14000602
"282",BS217XR,E14000850,E14000850,E14000850
"283",BS219BN,E14000850,E14000850,E14000850
"284",BS226DS,E14001038,E14001038,E14001038
"285",BS226RB,E14001038,E14001038,E14001038
"286",BS247EY,E14001038,E14001038,E14001038
"287",BS249LU,E14001038,E14001038,E14001038
"288",BS251PH,E14001038,E14001038,E14001038
"289",BS273PU,E14001026,E14001026,E14001026
"290",BS3 1EB,E14000601,E14000601,E14000601
"291",BS3 3HD,E14000601,E14000601,E14000601
"293",BS351JQ,E14000994,E14000994,E14000994
"294",BS4 5EH,E14000599,E14000599,E14000599
"295",BS405EH,E14001038,E14001038,E14001038
"296",BS409UN,E14000850,E14000850,E14000850
"297",BS419AY,E14000850,E14000850,E14000850
"298",BS7 0NX,E14000600,E14000600,E14000600
"299",BS7 9PU,E14000600,E14000600,E14000600
"301",BS8 3PB,E14000850,E14000850,E14000850
"302",BS8 3UU,E14000850,E14000850,E14000850
"303",BS9 3TS,E14000600,E14000600,E14000600
"309",BT1 1SB,N06000004,N06000004,N06000004
"312",BT161DD,N06000001,N06000001,N06000001
"313",BT170EX,N06000004,N06000004,N06000004
"314",BT179JU,N06000003,N06000003,N06000003
"315",BT191EU,N06000013,N06000013,N06000013
"316",BT197AR,N06000013,N06000013,N06000013
"317",BT197WZ,N06000013,N06000013,N06000013
"318",BT210HG,N06000013,N06000013,N06000013
"319",BT221BT,N06000016,N06000016,N06000016
"320",BT238XE,N06000016,N06000016,N06000016
"321",BT248BF,N06000016,N06000016,N06000016
"322",BT266PU,N06000009,N06000009,N06000009
"323",BT282YE,N06000009,N06000009,N06000009
"324",BT306FF,N06000015,N06000015,N06000015
"325",BT306LH,N06000015,N06000015,N06000015
"327",BT323TA,N06000015,N06000015,N06000015
"328",BT324GD,N06000017,N06000017,N06000017
"329",BT342FD,N06000011,N06000011,N06000011
"330",BT342PG,N06000011,N06000011,N06000011
"331",BT343RD,N06000015,N06000015,N06000015
"332",BT350HN,N06000011,N06000011,N06000011
"334",BT357QS,N06000011,N06000011,N06000011
"335",BT387BJ,N06000005,N06000005,N06000005
"336",BT390TD,N06000012,N06000012,N06000012
"337",BT401FD,N06000005,N06000005,N06000005
"338",BT402UN,N06000005,N06000005,N06000005
"339",BT412BS,N06000014,N06000014,N06000014
"340",BT424LP,N06000012,N06000012,N06000012
"341",BT437DU,N06000012,N06000012,N06000012
"342",BT449BG,N06000012,N06000012,N06000012
"343",BT456HX,N06000010,N06000010,N06000010
"344",BT458LU,N06000010,N06000010,N06000010
"345",BT475TS,N06000008,N06000008,N06000008
"346",BT486NT,N06000008,N06000008,N06000008
"347",BT487RH,N06000008,N06000008,N06000008
"348",BT499EE,N06000006,N06000006,N06000006
"349",BT5 4PU,N06000001,N06000001,N06000001
"350",BT5 5DZ,N06000001,N06000001,N06000001
"351",BT514AR,N06000006,N06000006,N06000006
"352",BT546AD,N06000012,N06000012,N06000012
"354",BT622HE,N06000011,N06000011,N06000011
"356",BT667GT,N06000017,N06000017,N06000017
"357",BT7 2GX,N06000003,N06000003,N06000003
"358",BT7 3FE,N06000003,N06000003,N06000003
"359",BT701NP,N06000007,N06000007,N06000007
"360",BT715EZ,N06000010,N06000010,N06000010
"361",BT744FZ,N06000007,N06000007,N06000007
"363",BT785DX,N06000018,N06000018,N06000018
"365",BT809LJ,N06000010,N06000010,N06000010
"367",BT935DA,N06000007,N06000007,N06000007
"368",CA101QS,E14000877,E14000877,E14000877
"369",CA111SA,E14000877,E14000877,E14000877
"370",CA117DN,E14000877,E14000877,E14000877
"371",CA124SH,E14000877,E14000877,E14000877
"372",CA157NN,E14001053,E14001053,E14001053
"373",CA2 6BL,E14000620,E14000620,E14000620
"374",CA222ES,E14000647,E14000647,E14000647
"375",CA222TX,E14000647,E14000647,E14000647
"380",CA6 4PS,E14000877,E14000877,E14000877
"381",CA7 2LY,E14001053,E14001053,E14001053
"382",CA7 3QB,E14001053,E14001053,E14001053
"383",CA7 4TG,E14001053,E14001053,E14001053
"384",CA7 8EY,E14000877,E14000877,E14000877
"385",CA9 3RE,E14000877,E14000877,E14000877
"387",CB1 3DH,E14000617,E14000617,E14000617
"388",CB1 7YQ,E14000617,E14000617,E14000617
"390",CB244QP,E14000934,E14000934,E14000934
"392",CB3 0TX,E14000617,E14000617,E14000617
"394",CB4 2TP,E14000617,E14000617,E14000617
"397",CB5 8JG,E14000617,E14000617,E14000617
"399",CB6 1TL,E14000937,E14000937,E14000937
"400",CB8 8HN,E14001034,E14001034,E14001034
"406",CF140RP,W07000051,W07000051,W07000051
"407",CF144EQ,W07000051,W07000051,W07000051
"409",CF235BA,W07000050,W07000050,W07000050
"410",CF239EA,W07000050,W07000050,W07000050
"411",CF242RA,W07000080,W07000080,W07000080
"412",CF3 2PX,W07000080,W07000080,W07000080
"413",CF3 3NX,W07000080,W07000080,W07000080
"417",CF312JR,W07000073,W07000073,W07000073
"418",CF313ZY,W07000073,W07000073,W07000073
"421",CF319ZY,W07000073,W07000073,W07000073
"422",CF334LB,W07000073,W07000073,W07000073
"423",CF349AA,W07000074,W07000074,W07000074
"424",CF356AS,W07000073,W07000073,W07000073
"425",CF356YH,W07000074,W07000074,W07000074
"426",CF375PF,W07000075,W07000075,W07000075
"430",CF401SQ,W07000075,W07000075,W07000075
"431",CF449YX,W07000070,W07000070,W07000070
"433",CF478EW,W07000071,W07000071,W07000071
"434",CF5 1AJ,W07000079,W07000079,W07000079
"435",CF624WA,W07000078,W07000078,W07000078
"437",CF633PY,W07000078,W07000078,W07000078
"438",CF643UJ,W07000080,W07000080,W07000080
"439",CF729UU,W07000074,W07000074,W07000074
"442",CF834AS,W07000076,W07000076,W07000076
"443",CF834EE,W07000076,W07000076,W07000076
"445",CH1 2HA,E14000640,E14000640,E14000640
"446",CH3 6AQ,E14000640,E14000640,E14000640
"447",CH3 6ER,E14000640,E14000640,E14000640
"448",CH3 6PT,E14000686,E14000686,E14000686
"449",CH4 0QG,W07000043,W07000043,W07000043
"451",CH415JA,E14000559,E14000559,E14000559
"452",CH425NY,E14000559,E14000559,E14000559
"453",CH444AH,E14001010,E14001010,E14001010
"454",CH455EJ,E14001010,E14001010,E14001010
"455",CH600BY,E14001043,E14001043,E14001043
"456",CH610HJ,E14001044,E14001044,E14001044
"458",CH620BL,E14001043,E14001043,E14001043
"459",CH647TB,E14000688,E14000688,E14000688
"460",CH659DQ,E14000688,E14000688,E14000688
"461",CH661SA,E14000688,E14000688,E14000688
"462",CH662RJ,E14000688,E14000688,E14000688
"466",CH8 7LA,W07000042,W07000042,W07000042
"467",CH8 8JN,W07000042,W07000042,W07000042
"468",CM0 7TL,E14000806,E14000806,E14000806
"469",CM1 1LB,E14000628,E14000628,E14000628
"470",CM1 2QR,E14000628,E14000628,E14000628
"471",CM1 9UQ,E14000628,E14000628,E14000628
"472",CM112SY,E14000544,E14000544,E14000544
"473",CM150HJ,E14000594,E14000594,E14000594
"475",CM158BD,E14000594,E14000594,E14000594
"476",CM164HL,E14000693,E14000693,E14000693
"477",CM164HX,E14000693,E14000693,E14000693
"478",CM166QA,E14000693,E14000693,E14000693
"479",CM170QF,E14000729,E14000729,E14000729
"480",CM186LP,E14000729,E14000729,E14000729
"481",CM194HQ,E14000729,E14000729,E14000729
"482",CM195GF,E14000729,E14000729,E14000729
"483",CM195JG,E14000729,E14000729,E14000729
"484",CM227PR,E14000910,E14000910,E14000910
"485",CM233AH,E14000744,E14000744,E14000744
"486",CM233SW,E14000744,E14000744,E14000744
"487",CM234FX,E14000744,E14000744,E14000744
"490",CM4 0RD,E14000594,E14000594,E14000594
"491",CM4 0RX,E14000594,E14000594,E14000594
"492",CM6 1GJ,E14000910,E14000910,E14000910
"493",CM6 3AY,E14000910,E14000910,E14000910
"496",CM778EF,E14001045,E14001045,E14001045
"497",CM8 1DJ,E14001045,E14001045,E14001045
"498",CM8 1FZ,E14001045,E14001045,E14001045
"499",CM9 4NN,E14000806,E14000806,E14000806
"500",CO100XX,E14000946,E14000946,E14000946
"501",CO101PG,E14000946,E14000946,E14000946
"502",CO112SE,E14000734,E14000734,E14000734
"503",CO152PR,E14000642,E14000642,E14000642
"504",CO169BL,E14000642,E14000642,E14000642
"505",CO2 7NG,E14000644,E14000644,E14000644
"506",CO2 9FE,E14000644,E14000644,E14000644
"507",CO3 3DA,E14000644,E14000644,E14000644
"508",CO5 8NA,E14000734,E14000734,E14000734
"510",CO6 3BA,E14000734,E14000734,E14000734
"511",CO6 4LG,E14000946,E14000946,E14000946
"512",CO7 8TJ,E14000734,E14000734,E14000734
"513",CO7 9SJ,E14000734,E14000734,E14000734
"514",CO9 3DG,E14000590,E14000590,E14000590
"515",CR0 1DD,E14000654,E14000654,E14000654
"516",CR0 3HL,E14000655,E14000655,E14000655
"517",CR0 5BP,E14000654,E14000654,E14000654
"518",CR0 8TB,E14000654,E14000654,E14000654
"519",CR2 0NG,E14000656,E14000656,E14000656
"523",CR5 1NB,E14000656,E14000656,E14000656
"524",CR8 5LT,E14000656,E14000656,E14000656
"525",CR9 3WN,E14000655,E14000655,E14000655
"529",CT111BA,E14000948,E14000948,E14000948
"530",CT130DW,E14000670,E14000670,E14000670
"532",CT162SB,E14000670,E14000670,E14000670
"533",CT163LA,E14000670,E14000670,E14000670
"534",CT188LR,E14000704,E14000704,E14000704
"536",CT214QU,E14000704,E14000704,E14000704
"537",CT215HY,E14000704,E14000704,E14000704
"538",CT215QR,E14000704,E14000704,E14000704
"539",CT4 8EG,E14000536,E14000536,E14000536
"541",CT5 3BW,E14000619,E14000619,E14000619
"542",CT5 4SL,E14000619,E14000619,E14000619
"543",CT6 6TJ,E14000852,E14000852,E14000852
"544",CT6 7JS,E14000852,E14000852,E14000852
"545",CT9 2TE,E14000852,E14000852,E14000852
"547",CV1 1FE,E14000651,E14000651,E14000651
"548",CV115RR,E14000868,E14000868,E14000868
"549",CV2 1PQ,E14000649,E14000649,E14000649
"550",CV2 3DJ,E14000649,E14000649,E14000649
"551",CV212BT,E14000905,E14000905,E14000905
"553",CV230ED,E14000905,E14000905,E14000905
"554",CV230LN,E14000905,E14000905,E14000905
"555",CV238AZ,E14000767,E14000767,E14000767
"556",CV238XY,E14000660,E14000660,E14000660
"557",CV3 3HW,E14000651,E14000651,E14000651
"559",CV327LQ,E14000767,E14000767,E14000767
"561",CV346PZ,E14001019,E14001019,E14001019
"562",CV350PQ,E14000977,E14000977,E14000977
"563",CV371DS,E14000977,E14000977,E14000977
"566",CV4 9QY,E14000650,E14000650,E14000650
"567",CV4 9WL,E14000650,E14000650,E14000650
"568",CV5 6FD,E14000651,E14000651,E14000651
"570",CV6 5JS,E14000649,E14000649,E14000649
"572",CV8 3LB,E14000767,E14000767,E14000767
"573",CW100EW,E14000646,E14000646,E14000646
"575",CW111HU,E14000646,E14000646,E14000646
"576",CW123PR,E14000646,E14000646,E14000646
"578",CW3 9QD,E14000975,E14000975,E14000975
"579",CW4 8DJ,E14000646,E14000646,E14000646
"580",CW6 9LN,E14000686,E14000686,E14000686
"582",CW9 8AW,E14001024,E14001024,E14001024
"584",DA1 1SH,E14000659,E14000659,E14000659
"585",DA1 2QS,E14000659,E14000659,E14000659
"586",DA1 4TT,E14000558,E14000558,E14000558
"587",DA118NQ,E14000715,E14000715,E14000715
"588",DA124RP,E14000715,E14000715,E14000715
"589",DA125JG,E14000715,E14000715,E14000715
"590",DA144DF,E14000869,E14000869,E14000869
"591",DA175EU,E14000696,E14000696,E14000696
"592",DA176HU,E14000696,E14000696,E14000696
"593",DA2 6BT,E14000659,E14000659,E14000659
"594",DA7 6BN,E14000558,E14000558,E14000558
"598",DD100PH,S14000058,S14000058,S14000058
"600",DD113SE,S14000004,S14000004,S14000004
"601",DD115SE,S14000004,S14000004,S14000004
"602",DD2 2TS,S14000016,S14000016,S14000016
"603",DD4 8BF,S14000015,S14000015,S14000015
"604",DD4 9QB,S14000015,S14000015,S14000015
"605",DD5 3AN,S14000015,S14000015,S14000015
"606",DD5 4NW,S14000015,S14000015,S14000015
"607",DD8 1NB,S14000004,S14000004,S14000004
"609",DD8 4JW,S14000004,S14000004,S14000004
"610",DD8 5NE,S14000004,S14000004,S14000004
"614",DE110NU,E14000935,E14000935,E14000935
"616",DE138SN,E14000791,E14000791,E14000791
"617",DE142NS,E14000610,E14000610,E14000610
"618",DE150SR,E14000935,E14000935,E14000935
"621",DE214HD,E14000662,E14000662,E14000662
"622",DE249PX,E14000663,E14000663,E14000663
"627",DE4 3GF,E14000664,E14000664,E14000664
"628",DE451QL,E14000664,E14000664,E14000664
"630",DE554JR,E14000533,E14000533,E14000533
"631",DE556EY,E14000577,E14000577,E14000577
"632",DE557HD,E14000533,E14000533,E14000533
"638",DE757HZ,E14000533,E14000533,E14000533
"639",DG1 1UB,S14000013,S14000013,S14000013
"640",DG1 2YA,S14000013,S14000013,S14000013
"641",DG126YL,S14000014,S14000014,S14000014
"642",DG2 0PY,S14000013,S14000013,S14000013
"643",DG3 5JD,S14000014,S14000014,S14000014
"644",DG4 6LL,S14000014,S14000014,S14000014
"645",DG8 8BR,S14000013,S14000013,S14000013
"646",DH1 2PF,E14000641,E14000641,E14000641
"647",DH1 3BP,E14000641,E14000641,E14000641
"648",DH1 5XJ,E14000641,E14000641,E14000641
"649",DH3 3HN,E14000840,E14000840,E14000840
"650",DH4 7EA,E14000754,E14000754,E14000754
"651",DH5 9HS,E14000754,E14000754,E14000754
"652",DH7 8EE,E14000641,E14000641,E14000641
"653",DH7 9BH,E14000856,E14000856,E14000856
"654",DH7 9JU,E14000641,E14000641,E14000641
"655",DH8 5RY,E14000856,E14000856,E14000856
"656",DH8 7NB,E14000856,E14000856,E14000856
"657",DL1 1SQ,E14000658,E14000658,E14000658
"658",DL1 3PD,E14000658,E14000658,E14000658
"661",DL116JD,E14000895,E14000895,E14000895
"662",DL147LB,E14000569,E14000569,E14000569
"663",DL150BD,E14000856,E14000856,E14000856
"666",DL178BF,E14000915,E14000915,E14000915
"667",DL178HQ,E14000915,E14000915,E14000915
"668",DL2 2XL,E14000915,E14000915,E14000915
"669",DL3 8PW,E14000658,E14000658,E14000658
"671",DL4 1AF,E14000569,E14000569,E14000569
"672",DL4 2EF,E14000569,E14000569,E14000569
"673",DL5 6LY,E14000915,E14000915,E14000915
"675",DN104EY,E14000546,E14000546,E14000546
"676",DN140PU,E14000917,E14000917,E14000917
"677",DN148AS,E14000596,E14000596,E14000596
"678",DN159BB,E14000596,E14000596,E14000596
"679",DN161EW,E14000914,E14000914,E14000914
"680",DN163PZ,E14000914,E14000914,E14000914
"681",DN172HF,E14000914,E14000914,E14000914
"682",DN186DH,E14000643,E14000643,E14000643
"683",DN197BJ,E14000643,E14000643,E14000643
"684",DN197TH,E14000643,E14000643,E14000643
"685",DN2 5JA,E14000668,E14000668,E14000668
"686",DN200SE,E14000596,E14000596,E14000596
"687",DN211RS,E14000707,E14000707,E14000707
"688",DN212JQ,E14000707,E14000707,E14000707
"689",DN226JQ,E14000546,E14000546,E14000546
"690",DN226LE,E14000546,E14000546,E14000546
"691",DN227BS,E14000546,E14000546,E14000546
"692",DN229GU,E14000546,E14000546,E14000546
"695",DN332DW,E14000716,E14000716,E14000716
"696",DN333HE,E14000716,E14000716,E14000716
"697",DN344PU,E14000716,E14000716,E14000716
"698",DN344UF,E14000716,E14000716,E14000716
"699",DN365YA,E14000798,E14000798,E14000798
"700",DN379PW,E14000716,E14000716,E14000716
"704",DN7 4AA,E14000667,E14000667,E14000667
"705",DN9 1GA,E14000596,E14000596,E14000596
"707",DT1 1QE,E14001031,E14001031,E14001031
"709",DT1 2TQ,E14001031,E14001031,E14001031
"711",DT111SU,E14000839,E14000839,E14000839
"712",DT117HY,E14000839,E14000839,E14000839
"714",DT4 8TY,E14000936,E14000936,E14000936
"715",DT5 2FA,E14000936,E14000936,E14000936
"716",DT6 6LZ,E14001031,E14001031,E14001031
"717",DT9 4QU,E14001031,E14001031,E14001031
"718",DY1 1TS,E14000671,E14000671,E14000671
"721",DY103DU,E14001058,E14001058,E14001058
"723",DY130AA,E14001058,E14001058,E14001058
"724",DY140QL,E14000799,E14000799,E14000799
"725",DY148UJ,E14000799,E14000799,E14000799
"726",DY3 2EY,E14000671,E14000671,E14000671
"727",DY4 8SD,E14001030,E14001030,E14001030
"728",DY6 0JR,E14000672,E14000672,E14000672
"729",DY6 6AD,E14000672,E14000672,E14000672
"730",DY6 8DB,E14000672,E14000672,E14000672
"731",DY7 5JS,E14000945,E14000945,E14000945
"732",DY9 7BE,E14000976,E14000976,E14000976
"734",E1  8GJ,E14000555,E14000555,E14000555
"736",E11 2HX,E14000790,E14000790,E14000790
"738",E14 5DD,E14000882,E14000882,E14000882
"739",E14 8HS,E14000882,E14000882,E14000882
"740",E14 9RF,E14000882,E14000882,E14000882
"741",E16 2GL,E14000679,E14000679,E14000679
"742",E16 2LL,E14000679,E14000679,E14000679
"743",E16 3SQ,E14001032,E14001032,E14001032
"744",E17 7DZ,E14001013,E14001013,E14001013
"745",E17 7LF,E14001013,E14001013,E14001013
"747",E1W 9LL,E14000555,E14000555,E14000555
"748",E4  6SE,E14000634,E14000634,E14000634
"749",E5  0QP,E14000720,E14000720,E14000720
"751",E6  2DY,E14000679,E14000679,E14000679
"752",E9  5BB,E14000721,E14000721,E14000721
"756",EC1P1FY,E14000764,E14000764,E14000764
"760",EC2M3UG,E14000639,E14000639,E14000639
"761",EC2N3AQ,E14000639,E14000639,E14000639
"766",EC4M9BB,E14000639,E14000639,E14000639
"770",EC4R9HA,E14000639,E14000639,E14000639
"775",EH139JH,S14000025,S14000025,S14000025
"776",EH141JJ,S14000025,S14000025,S14000025
"777",EH145PF,S14000025,S14000025,S14000025
"778",EH152NY,S14000022,S14000022,S14000022
"779",EH166PZ,S14000024,S14000024,S14000024
"780",EH181JR,S14000045,S14000045,S14000045
"784",EH268LT,S14000045,S14000045,S14000045
"786",EH3 5JA,S14000023,S14000023,S14000023
"788",EH309TN,S14000026,S14000026,S14000026
"790",EH4 2SQ,S14000026,S14000026,S14000026
"791",EH419TB,S14000020,S14000020,S14000020
"792",EH477AG,S14000044,S14000044,S14000044
"793",EH481LF,S14000043,S14000043,S14000043
"795",EH496JG,S14000043,S14000043,S14000043
"796",EH510BQ,S14000043,S14000043,S14000043
"797",EH519ND,S14000043,S14000043,S14000043
"798",EH530BB,S14000044,S14000044,S14000044
"799",EH530LG,S14000044,S14000044,S14000044
"800",EH545BJ,S14000044,S14000044,S14000044
"801",EH6 4BE,S14000023,S14000023,S14000023
"802",EH6 7PH,S14000022,S14000022,S14000022
"803",EH6 8SJ,S14000023,S14000023,S14000023
"804",EH6 8XU,S14000022,S14000022,S14000022
"806",EH8 7SB,S14000022,S14000022,S14000022
"807",EN1 1JA,E14000687,E14000687,E14000687
"809",EN1 3HJ,E14000691,E14000691,E14000691
"810",EN107AU,E14000606,E14000606,E14000606
"811",EN110BB,E14000729,E14000729,E14000729
"813",EN2 8EZ,E14000691,E14000691,E14000691
"816",EN8 9EE,E14000606,E14000606,E14000606
"817",EN9 1PS,E14000693,E14000693,E14000693
"818",EX1 2JP,E14000698,E14000698,E14000698
"820",EX108SH,E14000678,E14000678,E14000678
"821",EX108UA,E14000678,E14000678,E14000678
"822",EX111PP,E14000678,E14000678,E14000678
"823",EX122RQ,E14000996,E14000996,E14000996
"824",EX123EH,E14000996,E14000996,E14000996
"825",EX135AS,E14000996,E14000996,E14000996
"826",EX142GZ,E14000996,E14000996,E14000996
"827",EX143PF,E14000996,E14000996,E14000996
"828",EX164AS,E14000996,E14000996,E14000996
"829",EX164BY,E14000996,E14000996,E14000996
"830",EX165ED,E14000996,E14000996,E14000996
"831",EX167FJ,E14000996,E14000996,E14000996
"832",EX172DD,E14000623,E14000623,E14000623
"833",EX172EP,E14000623,E14000623,E14000623
"834",EX173BQ,E14000623,E14000623,E14000623
"835",EX176BP,E14000623,E14000623,E14000623
"836",EX2 4RP,E14000698,E14000698,E14000698
"837",EX2 7FD,E14000678,E14000678,E14000678
"838",EX201HQ,E14000623,E14000623,E14000623
"839",EX201TX,E14000623,E14000623,E14000623
"840",EX227PA,E14001000,E14001000,E14001000
"843",EX311GG,E14000838,E14000838,E14000838
"844",EX327SH,E14000838,E14000838,E14000838
"846",EX328JS,E14000838,E14000838,E14000838
"847",EX379BY,E14001000,E14001000,E14001000
"848",EX392DG,E14001000,E14001000,E14001000
"849",EX393QE,E14001000,E14001000,E14001000
"850",EX395BY,E14001000,E14001000,E14001000
"853",EX4 9HA,E14000698,E14000698,E14000698
"854",EX6 7BL,E14000623,E14000623,E14000623
"855",EX8 3DY,E14000678,E14000678,E14000678
"856",EX8 4DJ,E14000678,E14000678,E14000678
"857",FK1 5PP,S14000028,S14000028,S14000028
"858",FK178DU,S14000057,S14000057,S14000057
"859",FK2 9BL,S14000028,S14000028,S14000028
"860",FK6 6QD,S14000028,S14000028,S14000028
"861",FY1 3NH,E14000573,E14000573,E14000573
"862",FY1 5AR,E14000573,E14000573,E14000573
"863",FY1 5QQ,E14000573,E14000573,E14000573
"864",FY1 6JS,E14000573,E14000573,E14000573
"866",FY1 9SL,E14000573,E14000573,E14000573
"867",FY2 9AS,E14000572,E14000572,E14000572
"869",FY3 8HD,E14000573,E14000573,E14000573
"870",FY3 9PS,E14000573,E14000573,E14000573
"871",FY3 9QD,E14000573,E14000573,E14000573
"872",FY3 9ZN,E14000573,E14000573,E14000573
"875",FY5 2NW,E14000572,E14000572,E14000572
"876",FY5 3PY,E14000572,E14000572,E14000572
"877",FY5 4NL,E14000572,E14000572,E14000572
"878",FY6 0JE,E14001057,E14001057,E14001057
"881",G1  5NW,S14000029,S14000029,S14000029
"883",G11 5RN,S14000031,S14000031,S14000031
"884",G12 8BG,S14000031,S14000031,S14000031
"885",G13 3RJ,S14000033,S14000033,S14000033
"886",G13 3YE,S14000033,S14000033,S14000033
"887",G14 9AP,S14000033,S14000033,S14000033
"888",G14 9BD,S14000033,S14000033,S14000033
"889",G14 9EW,S14000033,S14000033,S14000033
"890",G14 9XG,S14000033,S14000033,S14000033
"891",G14 9YD,S14000033,S14000033,S14000033
"892",G15 6ED,S14000033,S14000033,S14000033
"894",G2  9XQ,S14000029,S14000029,S14000029
"895",G20 7BS,S14000031,S14000031,S14000031
"897",G21 1HU,S14000032,S14000032,S14000032
"899",G22 6ED,S14000032,S14000032,S14000032
"900",G22 7XS,S14000032,S14000032,S14000032
"902",G3  7TS,S14000029,S14000029,S14000029
"905",G32 0RU,S14000030,S14000030,S14000030
"906",G4  0PD,S14000029,S14000029,S14000029
"908",G41 5NQ,S14000029,S14000029,S14000029
"909",G42 9RQ,S14000034,S14000034,S14000034
"910",G43 1PU,S14000034,S14000034,S14000034
"911",G46 7JZ,S14000021,S14000021,S14000021
"913",G61 2LH,S14000018,S14000018,S14000018
"914",G61 3AF,S14000018,S14000018,S14000018
"915",G66 1DP,S14000018,S14000018,S14000018
"916",G66 3QG,S14000012,S14000012,S14000012
"917",G67 1AN,S14000012,S14000012,S14000012
"920",G69 7AE,S14000030,S14000030,S14000030
"922",G71 8AH,S14000042,S14000042,S14000042
"923",G72 0QD,S14000056,S14000056,S14000056
"924",G75 0UG,S14000019,S14000019,S14000019
"927",G82 1HJ,S14000059,S14000059,S14000059
"928",G82 5EB,S14000059,S14000059,S14000059
"929",G84 0AY,S14000005,S14000005,S14000005
"930",GL1 1DS,E14000712,E14000712,E14000712
"932",GL1 1XE,E14000712,E14000712,E14000712
"933",GL1 2DS,E14000712,E14000712,E14000712
"934",GL116AA,E14000980,E14000980,E14000980
"935",GL127QR,E14000991,E14000991,E14000991
"936",GL143BB,E14000705,E14000705,E14000705
"937",GL168LG,E14000705,E14000705,E14000705
"938",GL171DA,E14000705,E14000705,E14000705
"940",GL208HF,E14000990,E14000990,E14000990
"941",GL3 1EG,E14000990,E14000990,E14000990
"942",GL3 2NN,E14000990,E14000990,E14000990
"944",GL3 4BN,E14000980,E14000980,E14000980
"948",GL503LE,E14000630,E14000630,E14000630
"949",GL504NA,E14000630,E14000630,E14000630
"950",GL569NE,E14000991,E14000991,E14000991
"951",GL6 0SH,E14000980,E14000980,E14000980
"953",GU104AL,E14000953,E14000953,E14000953
"956",GU124UP,E14000530,E14000530,E14000530
"959",GU149TB,E14000530,E14000530,E14000530
"961",GU166PU,E14000983,E14000983,E14000983
"964",GU214JH,E14001047,E14001047,E14001047
"967",GU228NY,E14001047,E14001047,E14001047
"968",GU266LE,E14000680,E14000680,E14000680
"969",GU271BZ,E14000953,E14000953,E14000953
"971",GU273RZ,E14000953,E14000953,E14000953
"972",GU280DB,E14000534,E14000534,E14000534
"973",GU307GF,E14000680,E14000680,E14000680
"974",GU337NA,E14000680,E14000680,E14000680
"975",GU358SA,E14000680,E14000680,E14000680
"976",GU466DN,E14000844,E14000844,E14000844
"977",GU466FA,E14000844,E14000844,E14000844
"978",GU466YH,E14000844,E14000844,E14000844
"979",GU478ED,E14000586,E14000586,E14000586
"982",GY1 1FF,L99999999,E14000999,NULL
"983",GY1 1FH,L99999999,E14000999,NULL
"984",GY1 3RD,L99999999,E14000999,NULL
"985",GY4 6DX,L99999999,E14000999,NULL
"986",HA2 6JR,E14000732,E14000732,E14000732
"988",HA2 9LN,E14000732,E14000732,E14000732
"990",HA3 5QX,E14000731,E14000731,E14000731
"992",HA4 8RL,E14000906,E14000906,E14000906
"993",HA4 9JN,E14001007,E14001007,E14001007
"994",HA5 5PZ,E14000906,E14000906,E14000906
"995",HA7 1HL,E14000731,E14000731,E14000731
"997",HA8 0BF,E14000741,E14000741,E14000741
"998",HA8 6SX,E14000731,E14000731,E14000731
"999",HA8 7NR,E14000731,E14000731,E14000731
"1001",HD1 3QP,E14000645,E14000645,E14000645
"1003",HD3 3JH,E14000645,E14000645,E14000645
"1004",HD5 0AF,E14000756,E14000756,E14000756
"1005",HD5 8UU,E14000756,E14000756,E14000756
"1008",HD8 9QS,E14000666,E14000666,E14000666
"1009",HD9 5NR,E14000645,E14000645,E14000645
"1010",HD9 6GJ,E14000645,E14000645,E14000645
"1011",HG1 1HP,E14000730,E14000730,E14000730
"1013",HG1 3JY,E14000730,E14000730,E14000730
"1014",HG1 4WU,E14000730,E14000730,E14000730
"1015",HG1 5SA,E14000730,E14000730,E14000730
"1017",HG2 8AT,E14000730,E14000730,E14000730
"1018",HG3 1UX,E14000730,E14000730,E14000730
"1019",HG3 2WU,E14000730,E14000730,E14000730
"1021",HP112RL,E14001056,E14001056,E14001056
"1022",HP135PR,E14001056,E14001056,E14001056
"1024",HP144PW,E14000538,E14000538,E14000538
"1025",HP169EZ,E14000631,E14000631,E14000631
"1026",HP170XN,E14000608,E14000608,E14000608
"1028",HP219XY,E14000538,E14000538,E14000538
"1029",HP224JG,E14000608,E14000608,E14000608
"1031",HP3 9DA,E14000739,E14000739,E14000739
"1035",HP7 0HL,E14000631,E14000631,E14000631
"1036",HP7 0NF,E14000631,E14000631,E14000631
"1038",HR2 0DR,E14000743,E14000743,E14000743
"1039",HR2 7XH,E14000743,E14000743,E14000743
"1040",HR7 4AW,E14000847,E14000847,E14000847
"1041",HR8 1AS,E14000847,E14000847,E14000847
"1043",HS1 2BD,S14000027,S14000027,S14000027
"1046",HU1 2LJ,E14000773,E14000773,E14000773
"1047",HU106SU,E14000724,E14000724,E14000724
"1048",HU114NL,E14000556,E14000556,E14000556
"1049",HU120SF,E14000556,E14000556,E14000556
"1050",HU128PJ,E14000556,E14000556,E14000556
"1051",HU129RH,E14000556,E14000556,E14000556
"1052",HU170RP,E14000556,E14000556,E14000556
"1053",HU176SP,E14000556,E14000556,E14000556
"1054",HU192EY,E14000556,E14000556,E14000556
"1056",HU3 6SP,E14000773,E14000773,E14000773
"1058",HU5 5BP,E14000773,E14000773,E14000773
"1059",HU7 0BU,E14000771,E14000771,E14000771
"1060",HU8 8DT,E14000771,E14000771,E14000771
"1064",HX1 3AR,E14000723,E14000723,E14000723
"1065",HX2 6JP,E14000614,E14000614,E14000614
"1066",HX2 6TB,E14000614,E14000614,E14000614
"1068",HX7 5JJ,E14000614,E14000614,E14000614
"1071",IM2 3AF,M99999999,N06000016,NULL
"1072",IM3 2DR,M99999999,N06000016,NULL
"1073",IM4 4BG,M99999999,N06000016,NULL
"1078",IP136TL,E14000624,E14000624,E14000624
"1079",IP164UE,E14000981,E14000981,E14000981
"1080",IP171DR,E14000981,E14000981,E14000981
"1082",IP209HB,E14000941,E14000941,E14000941
"1083",IP215RP,E14000624,E14000624,E14000624
"1084",IP215TU,E14000624,E14000624,E14000624
"1085",IP222BD,E14000941,E14000941,E14000941
"1086",IP222QE,E14001034,E14001034,E14001034
"1087",IP265AW,E14000952,E14000952,E14000952
"1090",IP287ER,E14001034,E14001034,E14001034
"1091",IP288RA,E14001034,E14001034,E14001034
"1092",IP294UP,E14001034,E14001034,E14001034
"1093",IP300UF,E14000613,E14000613,E14000613
"1094",IP327AF,E14000613,E14000613,E14000613
"1096",IP6 9RS,E14000624,E14000624,E14000624
"1097",IP7 7LZ,E14000946,E14000946,E14000946
"1098",IP9 1DW,E14000946,E14000946,E14000946
"1099",IP9 2DF,E14000946,E14000946,E14000946
"1100",IV124AS,S14000039,S14000039,S14000039
"1101",IV125NL,S14000039,S14000039,S14000039
"1102",IV191LH,S14000009,S14000009,S14000009
"1104",IV262XB,S14000055,S14000055,S14000055
"1105",IV3 8NX,S14000039,S14000039,S14000039
"1106",IV301TW,S14000046,S14000046,S14000046
"1107",IV316LS,S14000046,S14000046,S14000046
"1108",IV316TL,S14000046,S14000046,S14000046
"1109",IV327ES,S14000046,S14000046,S14000046
"1111",JE3 2HH,L99999999,E14000936,NULL
"1112",KA1 4PT,S14000040,S14000040,S14000040
"1113",KA112DG,S14000010,S14000010,S14000010
"1115",KA183LL,S14000040,S14000040,S14000040
"1116",KA245EY,S14000048,S14000048,S14000048
"1117",KA257AR,S14000048,S14000048,S14000048
"1118",KA269HG,S14000006,S14000006,S14000006
"1120",KA3 1NB,S14000040,S14000040,S14000040
"1123",KA5 6PF,S14000040,S14000040,S14000040
"1124",KA6 7EU,S14000006,S14000006,S14000006
"1126",KA7 2JT,S14000006,S14000006,S14000006
"1127",KT1 1EG,E14000770,E14000770,E14000770
"1128",KT1 3QE,E14000770,E14000770,E14000770
"1129",KT125HD,E14000697,E14000697,E14000697
"1130",KT125QU,E14000697,E14000697,E14000697
"1131",KT139DQ,E14000907,E14000907,E14000907
"1132",KT171HB,E14000694,E14000694,E14000694
"1133",KT171SJ,E14000694,E14000694,E14000694
"1136",KT2 7NH,E14000896,E14000896,E14000896
"1137",KT227NR,E14000824,E14000824,E14000824
"1138",KT3 5AA,E14000770,E14000770,E14000770
"1139",KT5 8LY,E14000770,E14000770,E14000770
"1141",KT6 6NP,E14000770,E14000770,E14000770
"1143",KT9 1BJ,E14000770,E14000770,E14000770
"1144",KW147LH,S14000009,S14000009,S14000009
"1145",KW147LN,S14000009,S14000009,S14000009
"1146",KY102PQ,S14000049,S14000049,S14000049
"1148",KY118TB,S14000017,S14000017,S14000017
"1154",KY155PF,S14000049,S14000049,S14000049
"1155",KY168HP,S14000049,S14000049,S14000049
"1156",KY2 9BP,S14000041,S14000041,S14000041
"1157",KY6 2BP,S14000036,S14000036,S14000036
"1159",KY8 2ES,S14000036,S14000036,S14000036
"1160",KY8 4JF,S14000049,S14000049,S14000049
"1161",KY8 6AS,S14000049,S14000049,S14000049
"1163",L10 3JH,E14000916,E14000916,E14000916
"1164",L13 1WB,E14000793,E14000793,E14000793
"1165",L17 0AB,E14000793,E14000793,E14000793
"1167",L18 3HB,E14000795,E14000795,E14000795
"1170",L2  5SF,E14000793,E14000793,E14000793
"1172",L21 9QA,E14000581,E14000581,E14000581
"1174",L22 4RQ,E14000581,E14000581,E14000581
"1176",L23 7XT,E14000916,E14000916,E14000916
"1177",L23 7YF,E14000916,E14000916,E14000916
"1178",L23 8SZ,E14000916,E14000916,E14000916
"1179",L25 0QQ,E14000708,E14000708,E14000708
"1180",L31 0AA,E14000916,E14000916,E14000916
"1181",L31 0AU,E14000916,E14000916,E14000916
"1182",L31 7AP,E14000916,E14000916,E14000916
"1183",L33 5YF,E14000775,E14000775,E14000775
"1184",L33 9XE,E14000775,E14000775,E14000775
"1185",L34 5SB,E14000963,E14000963,E14000963
"1186",L37 2LA,E14000916,E14000916,E14000916
"1188",L38 3RX,E14000916,E14000916,E14000916
"1190",L40 8LD,E14001033,E14001033,E14001033
"1199",L6  5EH,E14000794,E14000794,E14000794
"1211",L67 1AB,E14000794,E14000794,E14000794
"1214",LA105EY,E14001037,E14001037,E14001037
"1215",LA105HB,E14001037,E14001037,E14001037
"1216",LA128NS,E14001037,E14001037,E14001037
"1217",LA128QP,E14001037,E14001037,E14001037
"1218",LA130PH,E14000543,E14000543,E14000543
"1219",LA2 8NS,E14000825,E14000825,E14000825
"1220",LA220PY,E14001037,E14001037,E14001037
"1221",LA3 2PR,E14000825,E14000825,E14000825
"1222",LA8 0JA,E14001037,E14001037,E14001037
"1224",LA9 4AQ,E14001037,E14001037,E14001037
"1225",LA9 4BW,E14001037,E14001037,E14001037
"1227",LA9 7BS,E14001037,E14001037,E14001037
"1228",LA9 7RF,E14001037,E14001037,E14001037
"1229",LD3 0NL,W07000068,W07000068,W07000068
"1230",LD3 0RA,W07000068,W07000068,W07000068
"1232",LD3 9PB,W07000068,W07000068,W07000068
"1233",LD8 2SX,W07000068,W07000068,W07000068
"1235",LE1 6FJ,E14000783,E14000783,E14000783
"1238",LE111NB,E14000797,E14000797,E14000797
"1240",LE143LL,E14000909,E14000909,E14000909
"1242",LE174QE,E14000940,E14000940,E14000940
"1243",LE183ZA,E14000728,E14000728,E14000728
"1244",LE2 3TL,E14000783,E14000783,E14000783
"1245",LE2 4FR,E14000728,E14000728,E14000728
"1246",LE3 9SF,E14000784,E14000784,E14000784
"1248",LE4 8GL,E14000625,E14000625,E14000625
"1250",LE5 3AQ,E14000783,E14000783,E14000783
"1251",LE5 5EE,E14000783,E14000783,E14000783
"1253",LE651ET,E14000858,E14000858,E14000858
"1254",LE651WN,E14000858,E14000858,E14000858
"1255",LE8 4DW,E14000940,E14000940,E14000940
"1256",LE8 9YB,E14000728,E14000728,E14000728
"1257",LE9 4BA,E14000940,E14000940,E14000940
"1258",LE9 9FQ,E14000583,E14000583,E14000583
"1260",LL120QB,W07000044,W07000044,W07000044
"1261",LL127ED,W07000044,W07000044,W07000044
"1262",LL129AA,W07000043,W07000043,W07000043
"1263",LL130HT,W07000062,W07000062,W07000062
"1265",LL181BT,W07000060,W07000060,W07000060
"1266",LL184PL,W07000060,W07000060,W07000060
"1269",LL301JD,W07000058,W07000058,W07000058
"1271",LL328RB,W07000058,W07000058,W07000058
"1272",LL462RL,W07000061,W07000061,W07000061
"1273",LL535NR,W07000061,W07000061,W07000061
"1274",LL547TG,W07000057,W07000057,W07000057
"1275",LL552AJ,W07000057,W07000057,W07000057
"1277",LL728NH,W07000041,W07000041,W07000041
"1279",LN1 1QD,E14000792,E14000792,E14000792
"1280",LN1 2GY,E14000707,E14000707,E14000707
"1281",LN1 2LB,E14000707,E14000707,E14000707
"1282",LN110JX,E14000798,E14000798,E14000798
"1283",LN139RX,E14000798,E14000798,E14000798
"1284",LN3 5SH,E14000707,E14000707,E14000707
"1285",LN4 2FS,E14000929,E14000929,E14000929
"1287",LN5 0QE,E14000929,E14000929,E14000929
"1288",LN6 3PE,E14000792,E14000792,E14000792
"1290",LN6 7LA,E14000792,E14000792,E14000792
"1291",LN8 3AB,E14000707,E14000707,E14000707
"1292",LN8 3GY,E14000707,E14000707,E14000707
"1294",LS1 4BA,E14000777,E14000777,E14000777
"1295",LS103LQ,E14000777,E14000777,E14000777
"1296",LS115DU,E14000777,E14000777,E14000777
"1298",LS118BZ,E14000777,E14000777,E14000777
"1299",LS118DU,E14000777,E14000777,E14000777
"1300",LS118DZ,E14000777,E14000777,E14000777
"1302",LS165HJ,E14000780,E14000780,E14000780
"1303",LS166BZ,E14000780,E14000780,E14000780
"1304",LS211EU,E14000780,E14000780,E14000780
"1305",LS237DR,E14000689,E14000689,E14000689
"1306",LS252EE,E14000689,E14000689,E14000689
"1307",LS255BA,E14000917,E14000917,E14000917
"1308",LS285SY,E14000886,E14000886,E14000886
"1309",LS288AE,E14000886,E14000886,E14000886
"1310",LS290RU,E14000766,E14000766,E14000766
"1312",LS7 2HH,E14000779,E14000779,E14000779
"1314",LS8 1EW,E14000779,E14000779,E14000779
"1321",LU6 2RP,E14000608,E14000608,E14000608
"1324",M11 3QL,E14000807,E14000807,E14000807
"1325",M12 4PA,E14000808,E14000808,E14000808
"1326",M12 6HU,E14000807,E14000807,E14000807
"1327",M14 4AQ,E14000808,E14000808,E14000808
"1328",M14 6YG,E14000809,E14000809,E14000809
"1330",M15 5GL,E14000807,E14000807,E14000807
"1332",M16 8AT,E14000808,E14000808,E14000808
"1333",M19 1LW,E14000809,E14000809,E14000809
"1334",M19 2GS,E14000808,E14000808,E14000808
"1339",M22 8UB,E14001059,E14001059,E14001059
"1343",M25 9PH,E14000612,E14000612,E14000612
"1345",M27 0SL,E14000911,E14000911,E14000911
"1346",M28 2QS,E14001054,E14001054,E14001054
"1347",M30 0HW,E14001054,E14001054,E14001054
"1350",M34 5GS,E14000661,E14000661,E14000661
"1351",M34 5GU,E14000661,E14000661,E14000661
"1352",M34 7FQ,E14000661,E14000661,E14000661
"1353",M40 2FZ,E14000807,E14000807,E14000807
"1354",M40 5LE,E14000807,E14000807,E14000807
"1355",M40 7XJ,E14000807,E14000807,E14000807
"1358",M41 7WX,E14000979,E14000979,E14000979
"1359",M44 5EN,E14001054,E14001054,E14001054
"1361",M45 6BW,E14000612,E14000612,E14000612
"1362",M45 7GW,E14000612,E14000612,E14000612
"1363",M5  0JX,E14000911,E14000911,error
"1365",M5  5JN,E14000911,E14000911,E14000911
"1367",M6  6SH,E14000911,E14000911,E14000911
"1371",M8  5EL,E14000571,E14000571,E14000571
"1374",M9  4JP,E14000571,E14000571,E14000571
"1376",ME122BB,E14000927,E14000927,E14000927
"1377",ME130SP,E14000700,E14000700,E14000700
"1378",ME138BT,E14000700,E14000700,E14000700
"1382",ME144DE,E14000700,E14000700,E14000700
"1384",ME156JZ,E14000804,E14000804,E14000804
"1385",ME158WJ,E14000700,E14000700,E14000700
"1386",ME169JN,E14000804,E14000804,E14000804
"1387",ME171QQ,E14000700,E14000700,E14000700
"1389",ME206PT,E14000626,E14000626,E14000626
"1391",ME7 1LE,E14000711,E14000711,E14000711
"1392",ME7 5QN,E14000711,E14000711,E14000711
"1393",ME7 5RW,E14000898,E14000898,E14000898
"1394",ME7 5UT,E14000711,E14000711,E14000711
"1395",ME8 7NN,E14000711,E14000711,E14000711
"1396",ME8 8DF,E14000711,E14000711,E14000711
"1397",ME8 9TJ,E14000711,E14000711,E14000711
"1398",ME9 8HE,E14000927,E14000927,E14000927
"1399",ME9 9HQ,E14000927,E14000927,E14000927
"1402",MK107AR,E14000821,E14000821,E14000821
"1403",MK138DZ,E14000821,E14000821,E14000821
"1404",MK138HB,E14000821,E14000821,E14000821
"1405",MK146BY,E14000821,E14000821,E14000821
"1406",MK158HB,E14000821,E14000821,E14000821
"1408",MK2 2RU,E14000822,E14000822,E14000822
"1410",MK3 6AP,E14000822,E14000822,E14000822
"1412",MK415BE,E14000552,E14000552,E14000552
"1413",MK419HP,E14000552,E14000552,E14000552
"1414",MK419QQ,E14000552,E14000552,E14000552
"1416",MK420WB,E14000552,E14000552,E14000552
"1417",MK427HU,E14000552,E14000552,E14000552
"1418",MK438TB,E14000813,E14000813,E14000813
"1419",MK441RJ,E14000841,E14000841,E14000841
"1422",MK6 5LR,E14000822,E14000822,E14000822
"1423",MK771DL,E14000822,E14000822,E14000822
"1424",MK8 0EB,E14000822,E14000822,E14000822
"1427",ML1 5BS,S14000003,S14000003,S14000003
"1428",ML1 9SH,S14000047,S14000047,S14000047
"1429",ML3 7RN,S14000042,S14000042,S14000042
"1430",ML3 9FP,S14000056,S14000056,S14000056
"1431",ML4 1HN,S14000011,S14000011,S14000011
"1433",ML8 4AU,S14000042,S14000042,S14000042
"1434",ML8 5RY,S14000042,S14000042,S14000042
"1435",N1  7DU,E14000764,E14000764,E14000764
"1436",N1  7QP,E14000721,E14000721,E14000721
"1437",N1  8BP,E14000764,E14000764,E14000764
"1440",N14 5EP,E14000692,E14000692,E14000692
"1444",N18 1TR,E14000687,E14000687,E14000687
"1445",N19 3TW,E14000763,E14000763,E14000763
"1446",N19 5QQ,E14000763,E14000763,E14000763
"1449",N22 5EH,E14000752,E14000752,E14000752
"1450",N22 6NE,E14000752,E14000752,E14000752
"1453",N4  1RE,E14001002,E14001002,E14001002
"1454",N4  3EH,E14000763,E14000763,E14000763
"1455",N4  4AE,E14000763,E14000763,E14000763
"1457",N8  0NH,E14001002,E14001002,E14001002
"1463",NE129NX,E14000853,E14000853,E14000853
"1465",NE164PP,E14000574,E14000574,E14000574
"1466",NE2 1YB,E14000832,E14000832,E14000832
"1467",NE215QJ,E14000574,E14000574,E14000574
"1468",NE232YL,E14000575,E14000575,E14000575
"1469",NE237DJ,E14000853,E14000853,E14000853
"1470",NE243AE,E14000575,E14000575,E14000575
"1472",NE263LL,E14001006,E14001006,E14001006
"1473",NE290HL,E14001006,E14001006,E14001006
"1474",NE296XG,E14000853,E14000853,E14000853
"1476",NE303LA,E14001006,E14001006,E14001006
"1477",NE312BN,E14000765,E14000765,E14000765
"1479",NE325YG,E14000765,E14000765,E14000765
"1480",NE347TP,E14000944,E14000944,E14000944
"1482",NE372DA,E14001020,E14001020,E14001020
"1485",NE425DR,E14000746,E14000746,E14000746
"1486",NE446BN,E14000746,E14000746,E14000746
"1489",NE614LB,E14000554,E14000554,E14000554
"1490",NE639HL,E14001014,E14001014,E14001014
"1491",NE646PF,E14001014,E14001014,E14001014
"1492",NE650UA,E14000554,E14000554,E14000554
"1494",NE662UN,E14000554,E14000554,E14000554
"1495",NE664JE,E14000554,E14000554,E14000554
"1496",NE675HP,E14000554,E14000554,E14000554
"1497",NE7 7XJ,E14000853,E14000853,E14000853
"1498",NE9 5PH,E14000709,E14000709,E14000709
"1499",NG1 4FG,E14000865,E14000865,E14000865
"1501",NG102DZ,E14000695,E14000695,E14000695
"1503",NG118AY,E14000867,E14000867,E14000867
"1504",NG123NG,E14000908,E14000908,E14000908
"1505",NG138BJ,E14000829,E14000829,E14000829
"1506",NG146HR,E14000924,E14000924,E14000924
"1507",NG172NU,E14000535,E14000535,E14000535
"1508",NG173EL,E14000535,E14000535,E14000535
"1509",NG179LH,E14000535,E14000535,E14000535
"1510",NG181AH,E14000810,E14000810,E14000810
"1511",NG183AY,E14000810,E14000810,E14000810
"1512",NG2 6UG,E14000908,E14000908,E14000908
"1514",NG208HB,E14000577,E14000577,E14000577
"1516",NG236NR,E14000829,E14000829,E14000829
"1517",NG236QU,E14000829,E14000829,E14000829
"1518",NG237AP,E14000829,E14000829,E14000829
"1519",NG237EE,E14000929,E14000929,E14000929
"1520",NG242LB,E14000829,E14000829,E14000829
"1521",NG242QX,E14000829,E14000829,E14000829
"1522",NG3 3ER,E14000865,E14000865,E14000865
"1523",NG323NB,E14000714,E14000714,E14000714
"1524",NG4 3EA,E14000710,E14000710,E14000710
"1525",NG5 5NS,E14000866,E14000866,E14000866
"1528",NG6 8TE,E14000924,E14000924,E14000924
"1529",NG7 2JG,E14000867,E14000867,E14000867
"1534",NN1 1XP,E14000862,E14000862,E14000862
"1536",NN1 5SE,E14000862,E14000862,E14000862
"1538",NN126HT,E14000942,E14000942,E14000942
"1539",NN144PT,E14000648,E14000648,E14000648
"1540",NN155YT,E14000769,E14000769,E14000769
"1542",NN156XF,E14000769,E14000769,E14000769
"1543",NN169BW,E14000769,E14000769,E14000769
"1545",NN188DJ,E14000648,E14000648,E14000648
"1546",NN189AL,E14000648,E14000648,E14000648
"1549",NN3 6QJ,E14000861,E14000861,E14000861
"1550",NN8 1LD,E14001025,E14001025,E14001025
"1556",NP109GY,W07000056,W07000056,W07000056
"1557",NP113JE,W07000077,W07000077,W07000077
"1558",NP114FN,W07000077,W07000077,W07000077
"1559",NP116DL,W07000077,W07000077,W07000077
"1560",NP133AA,W07000072,W07000072,W07000072
"1561",NP133DW,W07000072,W07000072,W07000072
"1562",NP165QZ,W07000054,W07000054,W07000054
"1564",NP190DA,W07000055,W07000055,W07000055
"1567",NP206NP,W07000056,W07000056,W07000056
"1568",NP224LR,W07000072,W07000072,W07000072
"1570",NP236TS,W07000072,W07000072,W07000072
"1571",NP255BJ,W07000054,W07000054,W07000054
"1572",NP263PL,W07000055,W07000055,W07000055
"1573",NP265DF,W07000055,W07000055,W07000055
"1574",NP269AR,W07000055,W07000055,W07000055
"1580",NP4 7DU,W07000053,W07000053,W07000053
"1584",NP7 0RA,W07000054,W07000054,W07000054
"1587",NR1 2AR,E14000864,E14000864,E14000864
"1588",NR1 2BQ,E14000864,E14000864,E14000864
"1589",NR120EZ,E14000848,E14000848,E14000848
"1590",NR135JJ,E14000603,E14000603,E14000603
"1591",NR147LN,E14000941,E14000941,E14000941
"1592",NR171XQ,E14000816,E14000816,E14000816
"1593",NR172RF,E14000816,E14000816,E14000816
"1594",NR180XR,E14000816,E14000816,E14000816
"1596",NR192EN,E14000816,E14000816,E14000816
"1598",NR242AH,E14000603,E14000603,E14000603
"1599",NR257LG,E14000848,E14000848,E14000848
"1600",NR268BD,E14000848,E14000848,E14000848
"1601",NR279AH,E14000848,E14000848,E14000848
"1602",NR294TF,E14000717,E14000717,E14000717
"1606",NR305NN,E14000717,E14000717,E14000717
"1607",NR316DE,E14000717,E14000717,E14000717
"1608",NR316JZ,E14000717,E14000717,E14000717
"1609",NR316RP,E14000717,E14000717,E14000717
"1610",NR317RL,E14000717,E14000717,E14000717
"1611",NR321RP,E14001022,E14001022,E14001022
"1612",NR324LX,E14001022,E14001022,E14001022
"1613",NR337AN,E14001022,E14001022,E14001022
"1614",NR337EL,E14001022,E14001022,E14001022
"1615",NR337QB,E14001022,E14001022,E14001022
"1616",NR349JD,E14001022,E14001022,E14001022
"1618",NW108DT,E14000591,E14000591,E14000591
"1620",NW118BG,E14000703,E14000703,E14000703
"1624",NW3 2DS,E14000750,E14000750,E14000750
"1625",NW3 6HH,E14000727,E14000727,E14000727
"1626",NW3 7RP,E14000727,E14000727,E14000727
"1627",NW7 2QB,E14000741,E14000741,E14000741
"1629",NW8 9TG,E14001036,E14001036,E14001036
"1630",NW9 4BJ,E14000741,E14000741,E14000741
"1632",OL1 2AS,E14000871,E14000871,E14000871
"1635",OL120JH,E14000897,E14000897,E14000897
"1636",OL126JJ,E14000897,E14000897,E14000897
"1637",OL130WT,E14000902,E14000902,E14000902
"1639",OL146QL,E14000614,E14000614,E14000614
"1641",OL4 2LZ,E14000870,E14000870,E14000870
"1642",OL4 5RY,E14000870,E14000870,E14000870
"1643",OL5 0DU,E14000967,E14000967,E14000967
"1647",OL9 9TR,E14000871,E14000871,E14000871
"1648",OX1 1AA,E14000873,E14000873,E14000873
"1650",OX106PU,E14000742,E14000742,E14000742
"1652",OX109BF,E14001015,E14001015,E14001015
"1653",OX117TF,E14001015,E14001015,E14001015
"1654",OX117XH,E14001015,E14001015,E14001015
"1655",OX119EH,E14001015,E14001015,E14001015
"1656",OX128FT,E14001015,E14001015,E14001015
"1657",OX136UX,E14001015,E14001015,E14001015
"1659",OX165NB,E14000539,E14000539,E14000539
"1660",OX172QQ,E14000942,E14000942,E14000942
"1661",OX181GW,E14001046,E14001046,E14001046
"1665",OX2 7HF,E14000873,E14000873,E14000873
"1666",OX2 9BY,E14000874,E14000874,E14000874
"1667",OX251TU,E14000539,E14000539,E14000539
"1668",OX266XJ,E14000539,E14000539,E14000539
"1669",OX278AT,E14000539,E14000539,E14000539
"1671",OX3 7LQ,E14000873,E14000873,E14000873
"1672",OX331AT,E14000742,E14000742,E14000742
"1673",OX4 1DW,E14000873,E14000873,E14000873
"1682",OX7 5QN,E14001046,E14001046,E14001046
"1685",PA1 3RA,S14000052,S14000052,S14000052
"1686",PA145YF,S14000038,S14000038,S14000038
"1688",PA167BP,S14000038,S14000038,S14000038
"1689",PA167EJ,S14000038,S14000038,S14000038
"1690",PA169NN,S14000038,S14000038,S14000038
"1691",PA2 6PA,S14000053,S14000053,S14000053
"1693",PA200QS,S14000005,S14000005,S14000005
"1694",PA237AU,S14000005,S14000005,S14000005
"1696",PA4 8SL,S14000052,S14000052,S14000052
"1698",PA6 7JR,S14000052,S14000052,S14000052
"1699",PA7 5NS,S14000052,S14000052,S14000052
"1703",PE1 9SY,E14000878,E14000878,E14000878
"1704",PE100NQ,E14000714,E14000714,E14000714
"1705",PE112DL,E14000939,E14000939,E14000939
"1706",PE113DP,E14000939,E14000939,E14000939
"1708",PE127NX,E14000939,E14000939,E14000939
"1709",PE134BB,E14000842,E14000842,E14000842
"1710",PE134WP,E14000842,E14000842,E14000842
"1711",PE158JR,E14000842,E14000842,E14000842
"1719",PE198DH,E14000757,E14000757,E14000757
"1720",PE2 6YP,E14000855,E14000855,E14000855
"1721",PE210BS,E14000582,E14000582,E14000582
"1722",PE210SL,E14000582,E14000582,E14000582
"1723",PE217TL,E14000582,E14000582,E14000582
"1724",PE219HP,E14000582,E14000582,E14000582
"1725",PE252DL,E14000582,E14000582,E14000582
"1726",PE253RY,E14000582,E14000582,E14000582
"1727",PE280QY,E14000855,E14000855,E14000855
"1728",PE283QW,E14000855,E14000855,E14000855
"1729",PE297AY,E14000757,E14000757,E14000757
"1731",PE301RG,E14000859,E14000859,E14000859
"1732",PE304GD,E14000859,E14000859,E14000859
"1733",PE321JZ,E14000859,E14000859,E14000859
"1735",PE4 7TX,E14000878,E14000878,E14000878
"1736",PE4 7YS,E14000878,E14000878,E14000878
"1737",PE7 8DL,E14000855,E14000855,E14000855
"1738",PE8 6TH,E14000648,E14000648,E14000648
"1739",PE8 6TY,E14000648,E14000648,E14000648
"1740",PE9 3US,E14000909,E14000909,E14000909
"1741",PE9 4RX,E14000714,E14000714,E14000714
"1742",PH1 3LZ,S14000050,S14000050,S14000050
"1743",PH1 3TG,S14000050,S14000050,S14000050
"1744",PH106JE,S14000054,S14000054,S14000054
"1745",PH211LU,S14000039,S14000039,S14000039
"1746",PH5 2AX,S14000050,S14000050,S14000050
"1747",PH6 2JD,S14000050,S14000050,S14000050
"1750",PL1 1PB,E14000880,E14000880,E14000880
"1751",PL1 9SA,E14000880,E14000880,E14000880
"1752",PL101HB,E14000938,E14000938,E14000938
"1753",PL125BA,E14000938,E14000938,E14000938
"1755",PL189NY,E14000938,E14000938,E14000938
"1756",PL198BY,E14001000,E14001000,E14001000
"1757",PL2 2BW,E14000879,E14000879,E14000879
"1758",PL207SQ,E14001000,E14001000,E14001000
"1759",PL268TU,E14000961,E14000961,E14000961
"1760",PL277JZ,E14000837,E14000837,E14000837
"1761",PL304EQ,E14000837,E14000837,E14000837
"1762",PL311BL,E14000837,E14000837,E14000837
"1763",PL312JU,E14000837,E14000837,E14000837
"1767",PL5 1PB,E14000879,E14000879,E14000879
"1769",PL6 8BG,E14000879,E14000879,E14000879
"1771",PO1 1JY,E14000884,E14000884,E14000884
"1773",PO110QP,E14000736,E14000736,E14000736
"1774",PO123JE,E14000713,E14000713,E14000713
"1775",PO139JW,E14000713,E14000713,E14000713
"1777",PO155AW,E14000699,E14000699,E14000699
"1778",PO157WR,E14000699,E14000699,E14000699
"1780",PO198EJ,E14000633,E14000633,E14000633
"1782",PO305AE,E14000762,E14000762,E14000762
"1783",PO305AS,E14000762,E14000762,E14000762
"1785",PO317EL,E14000762,E14000762,E14000762
"1786",PO369LY,E14000762,E14000762,E14000762
"1788",PO5 2NT,E14000884,E14000884,E14000884
"1789",PO7 8SR,E14000811,E14000811,E14000811
"1790",PO8 8SS,E14000811,E14000811,E14000811
"1791",PO9 4DW,E14000736,E14000736,E14000736
"1794",PR1 8TQ,E14000885,E14000885,E14000885
"1795",PR1 9EA,E14000943,E14000943,E14000943
"1796",PR1 9RJ,E14000943,E14000943,E14000943
"1798",PR2 3RX,E14001057,E14001057,E14001057
"1799",PR2 3XY,E14000885,E14000885,E14000885
"1800",PR2 5JS,E14001057,E14001057,E14001057
"1801",PR251HB,E14000943,E14000943,E14000943
"1803",PR3 3EL,E14000894,E14000894,E14000894
"1805",PR5 4RP,E14000894,E14000894,E14000894
"1806",PR7 5SD,E14000943,E14000943,E14000943
"1807",PR8 1BL,E14000958,E14000958,E14000958
"1809",RG109UA,E14000803,E14000803,E14000803
"1815",RG141AF,E14000830,E14000830,E14000830
"1816",RG142NX,E14000830,E14000830,E14000830
"1820",RG184DG,E14000830,E14000830,E14000830
"1822",RG2 0FN,E14000890,E14000890,E14000890
"1824",RG200BS,E14000830,E14000830,E14000830
"1825",RG209HN,E14000857,E14000857,E14000857
"1827",RG248SN,E14000545,E14000545,E14000545
"1829",RG249JE,E14000844,E14000844,E14000844
"1830",RG263TB,E14000857,E14000857,E14000857
"1831",RG264YE,E14000857,E14000857,E14000857
"1837",RG306BE,E14000890,E14000890,E14000890
"1838",RG4 5ZG,E14000890,E14000890,E14000890
"1840",RG404HN,E14000586,E14000586,E14000586
"1841",RG429GB,E14000586,E14000586,E14000586
"1842",RG456DG,E14000586,E14000586,E14000586
"1844",RG5 4AZ,E14000803,E14000803,E14000803
"1845",RG6 4DG,E14001048,E14001048,E14001048
"1846",RG6 5YZ,E14001048,E14001048,E14001048
"1847",RG6 7PG,E14001048,E14001048,E14001048
"1848",RG7 4DN,E14001048,E14001048,E14001048
"1853",RH1 3AN,E14000893,E14000893,E14000893
"1855",RH108DJ,E14000652,E14000652,E14000652
"1858",RH138GN,E14000753,E14000753,E14000753
"1859",RH139EG,E14000753,E14000753,E14000753
"1860",RH149RJ,E14000753,E14000753,E14000753
"1862",RH193BQ,E14000817,E14000817,E14000817
"1863",RH193YJ,E14000817,E14000817,E14000817
"1864",RH2 7BL,E14000893,E14000893,E14000893
"1866",RH7 6GJ,E14000681,E14000681,E14000681
"1868",RH9 8JB,E14000681,E14000681,E14000681
"1869",RM107UU,E14000657,E14000657,E14000657
"1870",RM108UW,E14000657,E14000657,E14000657
"1871",RM111DN,E14000900,E14000900,E14000900
"1872",RM125SU,E14000751,E14000751,E14000751
"1873",RM138RE,E14000657,E14000657,E14000657
"1874",RM142UE,E14000751,E14000751,E14000751
"1875",RM155QP,E14000995,E14000995,E14000995
"1876",RM162EE,E14000995,E14000995,E14000995
"1877",RM162RL,E14000995,E14000995,E14000995
"1878",RM175HL,E14000995,E14000995,E14000995
"1879",RM3 7HR,E14000751,E14000751,E14000751
"1880",RM5 3EP,E14000900,E14000900,E14000900
"1882",RM8 3DD,E14000540,E14000540,E14000540
"1884",S1  4AS,E14000919,E14000919,E14000919
"1888",S13 8TL,E14000920,E14000920,E14000920
"1889",S17 3EN,E14000922,E14000922,E14000922
"1890",S18 2XF,E14000843,E14000843,E14000843
"1891",S18 2XT,E14000843,E14000843,E14000843
"1893",S2  5FH,E14000919,E14000919,E14000919
"1894",S20 7JB,E14000920,E14000920,E14000920
"1895",S3  7LA,E14000919,E14000919,E14000919
"1896",S3  7PE,E14000919,E14000919,E14000919
"1898",S33 0AW,E14000748,E14000748,E14000748
"1899",S35 1TP,E14000876,E14000876,E14000876
"1903",S40 9SX,E14000632,E14000632,E14000632
"1904",S42 5EB,E14000843,E14000843,E14000843
"1905",S42 5LN,E14000843,E14000843,E14000843
"1906",S5  9AT,E14000921,E14000921,E14000921
"1907",S6  1LP,E14000921,E14000921,E14000921
"1908",S6  1RL,E14000922,E14000922,E14000922
"1909",S6  5AG,E14000919,E14000919,E14000919
"1910",S6  5QR,E14000922,E14000922,E14000922
"1912",S60 2YP,E14000904,E14000904,E14000904
"1913",S60 3LW,E14000903,E14000903,E14000903
"1914",S64 5UF,E14001028,E14001028,E14001028
"1915",S65 1LB,E14000904,E14000904,E14000904
"1918",S7  1NY,E14000919,E14000919,E14000919
"1919",S7  2GZ,E14000922,E14000922,E14000922
"1920",S74 0LA,E14000542,E14000542,E14000542
"1922",S75 4HH,E14000876,E14000876,E14000876
"1923",S75 6NT,E14000541,E14000541,E14000541
"1924",S8  0EJ,E14000923,E14000923,E14000923
"1925",S80 3QS,E14000546,E14000546,E14000546
"1927",S81 0NX,E14000546,E14000546,E14000546
"1928",S81 7RH,E14000546,E14000546,E14000546
"1929",S9  5BU,E14000920,E14000920,E14000920
"1930",S98 1HU,E14000920,E14000920,E14000920
"1931",SA1 1RR,W07000047,W07000047,W07000047
"1932",SA1 3AL,W07000048,W07000048,W07000048
"1933",SA106AN,W07000049,W07000049,W07000049
"1934",SA107ET,W07000069,W07000069,W07000069
"1935",SA112RA,W07000049,W07000049,W07000049
"1936",SA113NJ,W07000069,W07000069,W07000069
"1937",SA113XF,W07000069,W07000069,W07000069
"1938",SA132AN,W07000049,W07000049,W07000049
"1939",SA148YT,W07000045,W07000045,W07000045
"1941",SA153JE,W07000045,W07000045,W07000045
"1942",SA153RU,W07000045,W07000045,W07000045
"1944",SA174EF,W07000045,W07000045,W07000045
"1945",SA181JH,W07000067,W07000067,W07000067
"1946",SA197NQ,W07000067,W07000067,W07000067
"1947",SA198LR,W07000067,W07000067,W07000067
"1948",SA200SY,W07000067,W07000067,W07000067
"1949",SA3 2EL,W07000046,W07000046,W07000046
"1950",SA3 4QP,W07000046,W07000046,W07000046
"1952",SA311TL,W07000066,W07000066,W07000066
"1954",SA328AP,W07000067,W07000067,W07000067
"1955",SA328RN,W07000067,W07000067,W07000067
"1957",SA4 6JS,W07000046,W07000046,W07000046
"1958",SA4 8QQ,W07000046,W07000046,W07000046
"1959",SA487NB,W07000064,W07000064,W07000064
"1960",SA5 9BS,W07000048,W07000048,W07000048
"1961",SA611QT,W07000065,W07000065,W07000065
"1962",SA7 9DD,W07000048,W07000048,W07000048
"1963",SA731AU,W07000065,W07000065,W07000065
"1964",SA731EF,W07000065,W07000065,W07000065
"1966",SE108HG,E14000718,E14000718,E14000718
"1967",SE120TZ,E14000787,E14000787,E14000787
"1968",SE128AJ,E14000787,E14000787,E14000787
"1969",SE135AW,E14000787,E14000787,E14000787
"1970",SE146DH,E14000789,E14000789,E14000789
"1972",SE153RG,E14000615,E14000615,E14000615
"1974",SE165FX,E14000553,E14000553,E14000553
"1975",SE167EG,E14000789,E14000789,E14000789
"1976",SE167RH,E14000553,E14000553,E14000553
"1978",SE173QD,E14000553,E14000553,E14000553
"1979",SE183NR,E14000690,E14000690,E14000690
"1985",SE1P4WE,E14000553,E14000553,E14000553
"1986",SE217EX,E14000673,E14000673,E14000673
"1988",SE249EJ,E14000673,E14000673,E14000673
"1990",SE280NU,E14000696,E14000696,E14000696
"1992",SE3 9AB,E14000690,E14000690,E14000690
"1993",SE4 1YB,E14000789,E14000789,E14000789
"1995",SE5 8AD,E14000615,E14000615,E14000615
"1997",SE9 1JT,E14000690,E14000690,E14000690
"1998",SE9 6SS,E14000690,E14000690,E14000690
"1999",SG1 1PT,E14000968,E14000968,E14000968
"2000",SG1 2UH,E14000968,E14000968,E14000968
"2001",SG1 6AS,E14000968,E14000968,E14000968
"2003",SG127JG,E14000744,E14000744,E14000744
"2004",SG175JH,E14000813,E14000813,E14000813
"2006",SG180HU,E14000841,E14000841,E14000841
"2007",SG189HB,E14000813,E14000813,E14000813
"2010",SG2 7JD,E14000845,E14000845,E14000845
"2011",SG2 7ND,E14000845,E14000845,E14000845
"2012",SG2 8BS,E14000968,E14000968,E14000968
"2013",SG4 9EX,E14000749,E14000749,E14000749
"2015",SG6 1SH,E14000845,E14000845,E14000845
"2017",SG9 0QN,E14000845,E14000845,E14000845
"2018",SK1 3PY,E14000969,E14000969,E14000969
"2019",SK104QE,E14000802,E14000802,E14000802
"2021",SK119HZ,E14000802,E14000802,E14000802
"2024",SK143HJ,E14000967,E14000967,E14000967
"2025",SK144SR,E14000967,E14000967,E14000967
"2026",SK144SU,E14000967,E14000967,E14000967
"2027",SK153JW,E14000967,E14000967,E14000967
"2028",SK153LE,E14000967,E14000967,E14000967
"2029",SK164DX,E14000661,E14000661,E14000661
"2032",SK237DT,E14000748,E14000748,E14000748
"2034",SK4 5HP,E14000661,E14000661,E14000661
"2035",SK7 3BS,E14000627,E14000627,E14000627
"2036",SK8 3SP,E14000627,E14000627,E14000627
"2037",SK8 7BZ,E14000627,E14000627,E14000627
"2039",SK9 2GG,E14000987,E14000987,E14000987
"2040",SK9 3LP,E14000987,E14000987,E14000987
"2041",SL1 5EW,E14000930,E14000930,E14000930
"2046",SL2 4EL,E14000550,E14000550,E14000550
"2047",SL2 4YP,E14000930,E14000930,E14000930
"2049",SL3 7GQ,E14000930,E14000930,E14000930
"2050",SL4 1LP,E14001042,E14001042,E14001042
"2051",SL4 1TB,E14001042,E14001042,E14001042
"2053",SL4 2JT,E14001042,E14001042,E14001042
"2056",SL6 4NY,E14000803,E14000803,E14000803
"2057",SL6 4RD,E14000803,E14000803,E14000803
"2058",SL6 7AF,E14000803,E14000803,E14000803
"2059",SL6 7PJ,E14000803,E14000803,E14000803
"2060",SL6 9GX,E14000803,E14000803,E14000803
"2063",SM4 4LZ,E14000823,E14000823,E14000823
"2065",SM5 2AX,E14000621,E14000621,E14000621
"2066",SM6 8DT,E14000621,E14000621,E14000621
"2067",SN101BA,E14000665,E14000665,E14000665
"2068",SN105ER,E14000665,E14000665,E14000665
"2069",SN146JN,E14000860,E14000860,E14000860
"2070",SN148RT,E14000860,E14000860,E14000860
"2071",SN152EF,E14000665,E14000665,E14000665
"2072",SN152FA,E14000635,E14000635,E14000635
"2073",SN152JT,E14000665,E14000665,E14000665
"2074",SN160AF,E14000860,E14000860,E14000860
"2076",SN2 2NU,E14000851,E14000851,E14000851
"2078",SN253LL,E14000851,E14000851,E14000851
"2079",SN268BZ,E14000851,E14000851,E14000851
"2080",SN381YY,E14000947,E14000947,E14000947
"2082",SN5 8BE,E14000947,E14000947,E14000947
"2083",SN6 7FH,E14000851,E14000851,E14000851
"2084",SN8 1QY,E14000665,E14000665,E14000665
"2085",SN8 3NF,E14000665,E14000665,E14000665
"2086",SN8 4LR,E14000665,E14000665,E14000665
"2089",SO152JX,E14000956,E14000956,E14000956
"2090",SO155DJ,E14000956,E14000956,E14000956
"2091",SO155RQ,E14000956,E14000956,E14000956
"2092",SO157RX,E14000956,E14000956,E14000956
"2093",SO163AT,E14000901,E14000901,E14000901
"2094",SO165NJ,E14000956,E14000956,E14000956
"2095",SO167BB,E14000901,E14000901,E14000901
"2096",SO168BR,E14000956,E14000956,E14000956
"2097",SO171UX,E14000956,E14000956,E14000956
"2098",SO182BJ,E14000955,E14000955,E14000955
"2099",SO183HW,E14000685,E14000685,E14000685
"2100",SO185HE,E14000955,E14000955,E14000955
"2101",SO192DX,E14000955,E14000955,E14000955
"2102",SO199SX,E14000955,E14000955,E14000955
"2106",SO226PJ,E14001041,E14001041,E14001041
"2107",SO230JG,E14001041,E14001041,E14001041
"2108",SO237FF,E14001041,E14001041,E14001041
"2112",SO249JG,E14001041,E14001041,E14001041
"2117",SO303GH,E14000685,E14000685,E14000685
"2118",SO314RA,E14000685,E14000685,E14000685
"2120",SO321JQ,E14000811,E14000811,E14000811
"2130",SO535PN,E14000901,E14000901,E14000901
"2132",SP101BD,E14000857,E14000857,E14000857
"2133",SP103NA,E14000857,E14000857,E14000857
"2134",SP105JB,E14000857,E14000857,E14000857
"2137",SP2 9AB,E14000912,E14000912,E14000912
"2139",SP3 4SZ,E14000912,E14000912,E14000912
"2141",SP4 0DX,E14000857,E14000857,E14000857
"2142",SP5 2XN,E14000912,E14000912,E14000912
"2144",SR5 2QU,E14000982,E14000982,E14000982
"2146",SR8 3DY,E14000677,E14000677,E14000677
"2147",SR8 4JX,E14000677,E14000677,E14000677
"2150",SS118GD,E14000888,E14000888,E14000888
"2151",SS120BU,E14000888,E14000888,E14000888
"2152",SS120JY,E14000544,E14000544,E14000544
"2157",SS170DB,E14000933,E14000933,E14000933
"2158",SS4 2AH,E14000888,E14000888,E14000888
"2159",SS6 7TG,E14000888,E14000888,E14000888
"2161",SS9 3DD,E14000957,E14000957,E14000957
"2162",SS9 3QR,E14000957,E14000957,E14000957
"2164",ST1 3RG,E14000972,E14000972,E14000972
"2165",ST101UT,E14000975,E14000975,E14000975
"2166",ST104HQ,E14000975,E14000975,E14000975
"2167",ST119RT,E14000975,E14000975,E14000975
"2168",ST136LS,E14000966,E14000966,E14000966
"2170",ST195BJ,E14000965,E14000965,E14000965
"2171",ST199PX,E14000965,E14000965,E14000965
"2173",ST3 4HH,E14000974,E14000974,E14000974
"2174",ST4 6HF,E14000972,E14000972,E14000972
"2175",ST4 8GU,E14000974,E14000974,E14000974
"2176",ST6 4DL,E14000973,E14000973,E14000973
"2177",ST6 5AE,E14000973,E14000973,E14000973
"2178",ST6 6QA,E14000973,E14000973,E14000973
"2179",ST6 6TQ,E14000973,E14000973,E14000973
"2180",ST6 8DN,E14000973,E14000973,E14000973
"2182",ST9 9JH,E14000966,E14000966,E14000966
"2183",SW100EW,E14000629,E14000629,E14000629
"2186",SW161HP,E14000978,E14000978,E14000978
"2188",SW165DL,E14000978,E14000978,E14000978
"2190",SW184AY,E14000887,E14000887,E14000887
"2191",SW194TR,E14001040,E14001040,E14001040
"2192",SW194XJ,E14001040,E14001040,E14001040
"2193",SW197QD,E14001040,E14001040,E14001040
"2194",SW198DR,E14001040,E14001040,E14001040
"2196",SW1V4JP,E14000639,E14000639,E14000639
"2197",SW2 1AS,E14000673,E14000673,E14000673
"2199",SW209AD,E14001040,E14001040,E14001040
"2202",SW4 0AU,E14001008,E14001008,E14001008
"2203",SW4 6SX,E14001008,E14001008,E14001008
"2205",SW4 8PN,E14000978,E14000978,E14000978
"2206",SW5 9HR,E14000768,E14000768,E14000768
"2207",SW6 2EH,E14000629,E14000629,E14000629
"2208",SW6 6SR,E14000629,E14000629,E14000629
"2211",SW8 3SJ,E14000549,E14000549,E14000549
"2213",SY107HX,E14000849,E14000849,E14000849
"2214",SY111TU,E14000849,E14000849,E14000849
"2215",SY114PH,E14000849,E14000849,E14000849
"2216",SY120BU,E14000849,E14000849,E14000849
"2217",SY132QP,E14000849,E14000849,E14000849
"2218",SY133DW,W07000062,W07000062,W07000062
"2219",SY147DL,E14000686,E14000686,E14000686
"2220",SY156DA,E14000799,E14000799,E14000799
"2221",SY175PD,W07000063,W07000063,W07000063
"2222",SY186PP,W07000063,W07000063,W07000063
"2223",SY197AF,W07000063,W07000063,W07000063
"2224",SY217AT,W07000063,W07000063,W07000063
"2225",SY231PY,W07000064,W07000064,W07000064
"2226",SY3 0LU,E14000926,E14000926,E14000926
"2227",SY3 7HW,E14000926,E14000926,E14000926
"2228",SY3 9ED,E14000926,E14000926,E14000926
"2229",SY4 2BP,E14000849,E14000849,E14000849
"2230",SY4 3DY,E14000926,E14000926,E14000926
"2231",SY5 6LJ,E14000926,E14000926,E14000926
"2232",SY7 0NZ,E14000799,E14000799,E14000799
"2234",TA202NA,E14001060,E14001060,E14001060
"2235",TA204LY,E14001031,E14001031,E14001031
"2236",TA219DT,E14000988,E14000988,E14000988
"2237",TA230QH,E14000595,E14000595,E14000595
"2238",TA4 3QZ,E14000988,E14000988,E14000988
"2240",TD113DW,S14000008,S14000008,S14000008
"2241",TD5 8DB,S14000008,S14000008,S14000008
"2242",TD6 0HE,S14000008,S14000008,S14000008
"2243",TD9 9HF,S14000008,S14000008,S14000008
"2244",TF1 2HS,E14000992,E14000992,E14000992
"2245",TF1 3NH,E14000992,E14000992,E14000992
"2246",TF107ET,E14000992,E14000992,E14000992
"2247",TF107JG,E14000992,E14000992,E14000992
"2248",TF119PT,E14000992,E14000992,E14000992
"2250",TF2 6HQ,E14000989,E14000989,E14000989
"2251",TF2 7LP,E14000992,E14000992,E14000992
"2252",TF4 2LJ,E14000989,E14000989,E14000989
"2253",TF5 0PS,E14000992,E14000992,E14000992
"2254",TF9 2EW,E14000849,E14000849,E14000849
"2255",TF9 4DP,E14000975,E14000975,E14000975
"2256",TN103JL,E14000997,E14000997,E14000997
"2257",TN126HA,E14001004,E14001004,E14001004
"2258",TN129HX,E14000804,E14000804,E14000804
"2259",TN150NE,E14000918,E14000918,E14000918
"2260",TN150SE,E14000997,E14000997,E14000997
"2261",TN156RW,E14000918,E14000918,E14000918
"2262",TN157DR,E14000997,E14000997,E14000997
"2264",TN161QD,E14000918,E14000918,E14000918
"2266",TN197NG,E14000557,E14000557,E14000557
"2268",TN2 5HX,E14001004,E14001004,E14001004
"2269",TN2 5RL,E14001004,E14001004,E14001004
"2270",TN231LA,E14000536,E14000536,E14000536
"2271",TN235DZ,E14000536,E14000536,E14000536
"2272",TN237TF,E14000536,E14000536,E14000536
"2273",TN240LH,E14000536,E14000536,E14000536
"2274",TN248LP,E14000536,E14000536,E14000536
"2275",TN249BE,E14000536,E14000536,E14000536
"2276",TN254NU,E14000536,E14000536,E14000536
"2277",TN270QZ,E14000536,E14000536,E14000536
"2278",TN279RE,E14000700,E14000700,E14000700
"2279",TN299AU,E14000704,E14000704,E14000704
"2280",TN3 0ES,E14001004,E14001004,E14001004
"2281",TN3 9LQ,E14001023,E14001023,E14001023
"2282",TN316UB,E14000557,E14000557,E14000557
"2283",TN330JN,E14000557,E14000557,E14000557
"2284",TN341JR,E14000735,E14000735,E14000735
"2285",TN377PH,E14000735,E14000735,E14000735
"2287",TN4 8BE,E14001004,E14001004,E14001004
"2288",TN4 8DL,E14001004,E14001004,E14001004
"2289",TN5 6TR,E14001023,E14001023,E14001023
"2290",TN6 1AY,E14001023,E14001023,E14001023
"2293",TN8 6RG,E14000918,E14000918,E14000918
"2294",TN8 7AB,E14000997,E14000997,E14000997
"2296",TQ1 2LJ,E14000999,E14000999,E14000999
"2297",TQ122LB,E14000835,E14000835,E14000835
"2299",TQ137QN,E14000623,E14000623,E14000623
"2300",TQ149TZ,E14000835,E14000835,E14000835
"2301",TQ2 5TL,E14000999,E14000999,E14000999
"2302",TQ2 7SF,E14000999,E14000999,E14000999
"2303",TQ4 6NG,E14000999,E14000999,E14000999
"2304",TQ5 0HX,E14001001,E14001001,E14001001
"2305",TQ6 9LW,E14001001,E14001001,E14001001
"2307",TQ7 3JB,E14001001,E14001001,E14001001
"2308",TQ7 4DQ,E14001001,E14001001,E14001001
"2309",TQ7 9BG,E14001001,E14001001,error
"2310",TQ9 7HD,E14001001,E14001001,E14001001
"2311",TQ9 7RL,E14001001,E14001001,E14001001
"2313",TR1 2SR,E14001003,E14001003,E14001003
"2314",TR1 3PH,E14001003,E14001003,E14001003
"2315",TR1 3RP,E14001003,E14001003,E14001003
"2317",TR148DD,E14000616,E14000616,E14000616
"2318",TR148ED,E14000616,E14000616,E14000616
"2320",TR182EB,E14000964,E14000964,E14000964
"2321",TR196TP,E14000964,E14000964,E14000964
"2322",TR7 3AL,E14000961,E14000961,E14000961
"2323",TR8 4PR,E14001003,E14001003,E14001003
"2324",TR8 5RJ,E14000961,E14000961,E14000961
"2325",TR9 6LN,E14000961,E14000961,E14000961
"2326",TS1 2LR,E14000819,E14000819,E14000819
"2328",TS1 4DP,E14000819,E14000819,E14000819
"2329",TS123HR,E14000820,E14000820,E14000820
"2330",TS146LT,E14000820,E14000820,E14000820
"2332",TS268LG,E14000733,E14000733,E14000733
"2333",TS296JG,E14000915,E14000915,E14000915
"2334",TS4 2NE,E14000819,E14000819,E14000819
"2335",TS8 9TD,E14000820,E14000820,E14000820
"2336",TS9 7EZ,E14000895,E14000895,E14000895
"2338",TW1 4LR,E14001005,E14001005,E14001005
"2339",TW106NQ,E14000896,E14000896,E14000896
"2340",TW107UB,E14000896,E14000896,E14000896
"2342",TW119JG,E14001005,E14001005,E14001005
"2343",TW137LQ,E14000701,E14000701,E14000701
"2344",TW149QQ,E14000701,E14000701,E14000701
"2345",TW166NF,E14000959,E14000959,E14000959
"2346",TW184UA,E14001042,E14001042,E14001042
"2347",TW200NR,E14000907,E14000907,E14000907
"2348",TW209QN,E14000907,E14000907,E14000907
"2350",TW3 9SS,E14000701,E14000701,E14000701
"2351",TW5 0AJ,E14000701,E14000701,E14000701
"2353",TW7 5JG,E14000593,E14000593,E14000593
"2354",TW7 7HH,E14000593,E14000593,E14000593
"2358",UB4 9TZ,E14000737,E14000737,E14000737
"2360",UB6 9YW,E14000675,E14000675,E14000675
"2362",UB7 7LR,E14000737,E14000737,E14000737
"2364",UB7 9AP,E14000737,E14000737,E14000737
"2365",UB8 3DX,E14001007,E14001007,E14001007
"2367",UB9 6DJ,E14000906,E14000906,E14000906
"2368",W10 4NU,E14001036,E14001036,E14001036
"2373",W12 8BS,E14000726,E14000726,E14000726
"2374",W12 8QY,E14000726,E14000726,E14000726
"2375",W13 0UJ,E14000676,E14000676,E14000676
"2377",W14 0DZ,E14000726,E14000726,E14000726
"2383",W1D 6PS,E14000639,E14000639,E14000639
"2384",W1G 9EB,E14000639,E14000639,E14000639
"2385",W1G 9JW,E14000639,E14000639,E14000639
"2386",W1K 3AS,E14000639,E14000639,E14000639
"2393",W3  6PZ,E14000674,E14000674,E14000674
"2394",W3  7XX,E14000674,E14000674,E14000674
"2396",W8  5RJ,E14000768,E14000768,E14000768
"2397",W8  6PX,E14000768,E14000768,E14000768
"2402",WA129BZ,E14000962,E14000962,E14000962
"2403",WA129LT,E14000962,E14000962,E14000962
"2404",WA130AQ,E14001018,E14001018,E14001018
"2405",WA143LD,E14000532,E14000532,E14000532
"2406",WA144EZ,E14000532,E14000532,E14000532
"2408",WA158EW,E14000532,E14000532,E14000532
"2409",WA159DB,E14000532,E14000532,E14000532
"2412",WA168ET,E14000987,E14000987,E14000987
"2414",WA3 6AA,E14001017,E14001017,E14001017
"2416",WA4 1EU,E14001018,E14001018,E14001018
"2418",WA5 1QG,E14001018,E14001018,E14001018
"2419",WA5 2AZ,E14001018,E14001018,E14001018
"2420",WA5 2NH,E14001018,E14001018,E14001018
"2421",WA6 0QT,E14001024,E14001024,E14001024
"2422",WA7 6QA,E14001024,E14001024,E14001024
"2424",WC1A1HH,E14000750,E14000750,E14000750
"2425",WC1B3HB,E14000750,E14000750,E14000750
"2427",WC2B5HA,E14000639,E14000639,E14000639
"2440",WD180EY,E14001021,E14001021,E14001021
"2446",WD259AA,E14001021,E14001021,E14001021
"2447",WD3 1RE,E14000951,E14000951,E14000951
"2448",WD3 3TD,E14000951,E14000951,E14000951
"2449",WD3 4JN,E14000951,E14000951,E14000951
"2450",WD3 5PQ,E14000951,E14000951,E14000951
"2454",WD6 9JZ,E14000745,E14000745,E14000745
"2455",WF1 1SA,E14001009,E14001009,E14001009
"2456",WF1 4PB,E14001009,E14001009,E14001009
"2457",WF118LN,E14000836,E14000836,E14000836
"2459",WF131JT,E14000666,E14000666,E14000666
"2460",WF149DN,E14000666,E14000666,E14000666
"2461",WF158FG,E14000548,E14000548,E14000548
"2462",WF2 8DN,E14001009,E14001009,E14001009
"2463",WF2 8LA,E14001009,E14001009,E14001009
"2465",WF3 3SJ,E14000826,E14000826,E14000826
"2466",WF3 3TS,E14000826,E14000826,E14000826
"2467",WF4 5EW,E14001009,E14001009,E14001009
"2468",WF6 2DN,E14000836,E14000836,E14000836
"2469",WF8 2RP,E14000836,E14000836,E14000836
"2470",WN2 3QJ,E14000805,E14000805,E14000805
"2471",WN2 4GG,E14000805,E14000805,E14000805
"2472",WN2 5DE,E14000805,E14000805,E14000805
"2473",WN2 5DF,E14000805,E14000805,E14000805
"2474",WN3 4DU,E14001039,E14001039,E14001039
"2475",WN3 5JJ,E14000805,E14000805,E14000805
"2476",WN4 8LN,E14000805,E14000805,E14000805
"2477",WN5 7QW,E14000962,E14000962,E14000962
"2478",WN6 0TH,E14001039,E14001039,E14001039
"2479",WN7 2HS,E14000785,E14000785,E14000785
"2480",WN7 2YL,E14000785,E14000785,E14000785
"2481",WN8 0DQ,E14001033,E14001033,E14001033
"2482",WN8 7PD,E14001033,E14001033,E14001033
"2485",WR111BW,E14000818,E14000818,E14000818
"2488",WR127JQ,E14001035,E14001035,E14001035
"2489",WR127LG,E14000991,E14000991,E14000991
"2490",WR144HW,E14001035,E14001035,E14001035
"2491",WR2 5LX,E14001052,E14001052,E14001052
"2493",WR4 9GP,E14001052,E14001052,E14001052
"2496",WS111PN,E14000618,E14000618,E14000618
"2499",WS119TN,E14000618,E14000618,E14000618
"2502",WS153DE,E14000791,E14000791,E14000791
"2503",WS2 9UX,E14001012,E14001012,E14001012
"2504",WS3 2XN,E14001011,E14001011,E14001011
"2505",WS3 4ND,E14000531,E14000531,E14000531
"2506",WS5 3AU,E14001012,E14001012,E14001012
"2507",WS9 0BN,E14000531,E14000531,E14000531
"2508",WS9 0JS,E14000531,E14000531,E14000531
"2509",WS9 0RL,E14000531,E14000531,E14000531
"2511",WV1 1TS,E14001051,E14001051,E14001051
"2512",WV107FE,E14000945,E14000945,E14000945
"2515",WV111EG,E14001049,E14001049,E14001049
"2516",WV113AW,E14001049,E14001049,E14001049
"2517",WV124EA,E14001011,E14001011,E14001011
"2518",WV146NZ,E14001050,E14001050,E14001050
"2520",WV147PD,E14001050,E14001050,E14001050
"2521",WV148NB,E14001012,E14001012,E14001012
"2522",WV155DZ,E14000799,E14000799,E14000799
"2523",WV155HP,E14000799,E14000799,E14000799
"2524",WV164EZ,E14000799,E14000799,E14000799
"2525",WV165AW,E14000799,E14000799,E14000799
"2527",WV3 9BD,E14001051,E14001051,E14001051
"2528",WV4 4NJ,E14001051,E14001051,E14001051
"2529",WV4 4RL,E14001051,E14001051,E14001051
"2530",WV4 5PF,E14001051,E14001051,E14001051
"2533",WV991RQ,E14000989,E14000989,E14000989
"2534",WV991UR,E14000989,E14000989,E14000989
"2535",WV992EY,E14000989,E14000989,E14000989
"2536",WV992FJ,E14000989,E14000989,E14000989
"2539",YO113SH,E14000913,E14000913,E14000913
"2541",YO126AN,E14000913,E14000913,E14000913
"2542",YO130SA,E14000913,E14000913,E14000913
"2543",YO149EP,E14000993,E14000993,E14000993
"2545",YO167QL,E14000683,E14000683,E14000683
"2546",YO179SS,E14000993,E14000993,E14000993
"2551",YO225PA,E14000913,E14000913,E14000913
"2552",YO243DA,E14001061,E14001061,E14001061
"2553",YO311JE,E14001062,E14001062,E14001062
"2554",YO323LS,E14001062,E14001062,E14001062
"2555",YO325AB,E14001062,E14001062,E14001062
"2558",YO414EP,E14001062,E14001062,E14001062
"2559",YO433AJ,E14000683,E14000683,E14000683
"2563",YO624AG,E14000993,E14000993,E14000993
"2564",YO7 2EH,E14000993,E14000993,E14000993
"2565",YO7 3LY,E14000928,E14000928,E14000928
"2566",YO8 3AR,E14000917,E14000917,E14000917
"2567",YO8 5JP,E14000917,E14000917,E14000917
"2568",YO8 5TU,E14000917,E14000917,E14000917
